"Country","Language","Keyword","Local variation","Chinese meaning","Product","Vehicle/application","Intent","B2B/B2C","Funnel stage","Estimated demand level","Search-volume source","Proxy rationale","CPC/range","Competition","Channel","Match type","Ad group","Landing page","Keyword status","Ads Launch","Negative","Competitor term","Trademark risk","Evidence IDs","Confidence"
"Ecuador","Spanish","motor CG 150 completo","motor CG 150 completo","CG150完整发动机","CG150 air-cooled","motorcycle / tricimoto","Complete engine","B2B/unknown","Commercial research","Medium","PROXY DATA","Marketplace/channel and local terminology proxy; no volume/CPC","","Unknown","Google Search","Phrase","EC | CG150/200 Complete Engine | Search","/es/ecuador/","Retained","NOT APPROVED","No","No","None","P4-EC-01","Observed/machine review required"
"Ecuador","Spanish","motor CG 150 completo para moto","motor CG 150 completo para moto","CG150完整发动机","CG150 air-cooled","motorcycle / tricimoto","Complete engine","B2B/unknown","Commercial research","Medium","PROXY DATA","Marketplace/channel and local terminology proxy; no volume/CPC","","Unknown","Google Search","Phrase","EC | CG150/200 Complete Engine | Search","/es/ecuador/","Retained","NOT APPROVED","No","No","None","P4-EC-01","Observed/machine review required"
"Ecuador","Spanish","motor CG 150 completo para trabajo","motor CG 150 completo para trabajo","CG150完整发动机","CG150 air-cooled","motorcycle / tricimoto","Complete engine","B2B/unknown","Commercial research","Medium","PROXY DATA","Marketplace/channel and local terminology proxy; no volume/CPC","","Unknown","Google Search","Phrase","EC | CG150/200 Complete Engine | Search","/es/ecuador/","Retained","NOT APPROVED","No","No","None","P4-EC-01","Observed/machine review required"
"Ecuador","Spanish","motor CG 150 completo al por mayor","motor CG 150 completo al por mayor","CG150完整发动机","CG150 air-cooled","motorcycle / tricimoto","Complete engine","B2B/unknown","Commercial research","Medium","PROXY DATA","Marketplace/channel and local terminology proxy; no volume/CPC","","Unknown","Google Search","Phrase","EC | CG150/200 Complete Engine | Search","/es/ecuador/","Retained","NOT APPROVED","No","No","None","P4-EC-01","Observed/machine review required"
"Ecuador","Spanish","motor CG 150 completo proveedor","motor CG 150 completo proveedor","CG150完整发动机","CG150 air-cooled","motorcycle / tricimoto","Complete engine","B2B/unknown","Commercial research","Medium","PROXY DATA","Marketplace/channel and local terminology proxy; no volume/CPC","","Unknown","Google Search","Phrase","EC | CG150/200 Complete Engine | Search","/es/ecuador/","Retained","NOT APPROVED","No","No","None","P4-EC-01","Observed/machine review required"
"Ecuador","Spanish","motor CG 150 completo distribuidor","motor CG 150 completo distribuidor","CG150完整发动机","CG150 air-cooled","motorcycle / tricimoto","Complete engine","Research","Research","Medium","PROXY DATA","Marketplace/channel and local terminology proxy; no volume/CPC","","Unknown","Google Search","Phrase","EC | CG150/200 Complete Engine | Search","/es/ecuador/","Research only","NOT APPROVED","No","No","None","P4-EC-01","Observed/machine review required"
"Ecuador","Spanish","motor CG 150 completo Ecuador","motor CG 150 completo Ecuador","CG150完整发动机","CG150 air-cooled","motorcycle / tricimoto","Complete engine","Research","Research","Medium","PROXY DATA","Marketplace/channel and local terminology proxy; no volume/CPC","","Unknown","Google Search","Phrase","EC | CG150/200 Complete Engine | Search","/es/ecuador/","Research only","NOT APPROVED","No","No","None","P4-EC-01","Observed/machine review required"
"Ecuador","Spanish","motor CG 150 completo para carga","motor CG 150 completo para carga","CG150完整发动机","CG150 air-cooled","motorcycle / tricimoto","Complete engine","Research","Research","Medium","PROXY DATA","Marketplace/channel and local terminology proxy; no volume/CPC","","Unknown","Google Search","Phrase","EC | CG150/200 Complete Engine | Search","/es/ecuador/","Raw candidate","NOT APPROVED","No","No","None","P4-EC-01","Observed/machine review required"
"Ecuador","Spanish","motor CG 150 completo importador","motor CG 150 completo importador","CG150完整发动机","CG150 air-cooled","motorcycle / tricimoto","Complete engine","Research","Research","Medium","PROXY DATA","Marketplace/channel and local terminology proxy; no volume/CPC","","Unknown","Google Search","Phrase","EC | CG150/200 Complete Engine | Search","/es/ecuador/","Raw candidate","NOT APPROVED","No","No","None","P4-EC-01","Observed/machine review required"
"Ecuador","Spanish","motor CG 150 completo catálogo","motor CG 150 completo catálogo","CG150完整发动机","CG150 air-cooled","motorcycle / tricimoto","Complete engine","Research","Research","Medium","PROXY DATA","Marketplace/channel and local terminology proxy; no volume/CPC","","Unknown","Google Search","Phrase","EC | CG150/200 Complete Engine | Search","/es/ecuador/","Raw candidate","NOT APPROVED","No","No","None","P4-EC-01","Observed/machine review required"
"Ecuador","Spanish","motor CG 200 completo","motor CG 200 completo","CG200完整发动机","CG200 air-cooled","work motorcycle","Complete engine","B2B/unknown","Commercial research","Medium","PROXY DATA","Marketplace/channel and local terminology proxy; no volume/CPC","","Unknown","Google Search","Phrase","EC | CG150/200 Complete Engine | Search","/es/ecuador/","Retained","NOT APPROVED","No","No","None","P4-EC-02,P4-EC-03","Observed/machine review required"
"Ecuador","Spanish","motor CG 200 completo para moto","motor CG 200 completo para moto","CG200完整发动机","CG200 air-cooled","work motorcycle","Complete engine","B2B/unknown","Commercial research","Medium","PROXY DATA","Marketplace/channel and local terminology proxy; no volume/CPC","","Unknown","Google Search","Phrase","EC | CG150/200 Complete Engine | Search","/es/ecuador/","Retained","NOT APPROVED","No","No","None","P4-EC-02,P4-EC-03","Observed/machine review required"
"Ecuador","Spanish","motor CG 200 completo para trabajo","motor CG 200 completo para trabajo","CG200完整发动机","CG200 air-cooled","work motorcycle","Complete engine","B2B/unknown","Commercial research","Medium","PROXY DATA","Marketplace/channel and local terminology proxy; no volume/CPC","","Unknown","Google Search","Phrase","EC | CG150/200 Complete Engine | Search","/es/ecuador/","Retained","NOT APPROVED","No","No","None","P4-EC-02,P4-EC-03","Observed/machine review required"
"Ecuador","Spanish","motor CG 200 completo al por mayor","motor CG 200 completo al por mayor","CG200完整发动机","CG200 air-cooled","work motorcycle","Complete engine","B2B/unknown","Commercial research","Medium","PROXY DATA","Marketplace/channel and local terminology proxy; no volume/CPC","","Unknown","Google Search","Phrase","EC | CG150/200 Complete Engine | Search","/es/ecuador/","Retained","NOT APPROVED","No","No","None","P4-EC-02,P4-EC-03","Observed/machine review required"
"Ecuador","Spanish","motor CG 200 completo proveedor","motor CG 200 completo proveedor","CG200完整发动机","CG200 air-cooled","work motorcycle","Complete engine","B2B/unknown","Commercial research","Medium","PROXY DATA","Marketplace/channel and local terminology proxy; no volume/CPC","","Unknown","Google Search","Phrase","EC | CG150/200 Complete Engine | Search","/es/ecuador/","Retained","NOT APPROVED","No","No","None","P4-EC-02,P4-EC-03","Observed/machine review required"
"Ecuador","Spanish","motor CG 200 completo distribuidor","motor CG 200 completo distribuidor","CG200完整发动机","CG200 air-cooled","work motorcycle","Complete engine","Research","Research","Medium","PROXY DATA","Marketplace/channel and local terminology proxy; no volume/CPC","","Unknown","Google Search","Phrase","EC | CG150/200 Complete Engine | Search","/es/ecuador/","Research only","NOT APPROVED","No","No","None","P4-EC-02,P4-EC-03","Observed/machine review required"
"Ecuador","Spanish","motor CG 200 completo Ecuador","motor CG 200 completo Ecuador","CG200完整发动机","CG200 air-cooled","work motorcycle","Complete engine","Research","Research","Medium","PROXY DATA","Marketplace/channel and local terminology proxy; no volume/CPC","","Unknown","Google Search","Phrase","EC | CG150/200 Complete Engine | Search","/es/ecuador/","Research only","NOT APPROVED","No","No","None","P4-EC-02,P4-EC-03","Observed/machine review required"
"Ecuador","Spanish","motor CG 200 completo para carga","motor CG 200 completo para carga","CG200完整发动机","CG200 air-cooled","work motorcycle","Complete engine","Research","Research","Medium","PROXY DATA","Marketplace/channel and local terminology proxy; no volume/CPC","","Unknown","Google Search","Phrase","EC | CG150/200 Complete Engine | Search","/es/ecuador/","Raw candidate","NOT APPROVED","No","No","None","P4-EC-02,P4-EC-03","Observed/machine review required"
"Ecuador","Spanish","motor CG 200 completo importador","motor CG 200 completo importador","CG200完整发动机","CG200 air-cooled","work motorcycle","Complete engine","Research","Research","Medium","PROXY DATA","Marketplace/channel and local terminology proxy; no volume/CPC","","Unknown","Google Search","Phrase","EC | CG150/200 Complete Engine | Search","/es/ecuador/","Raw candidate","NOT APPROVED","No","No","None","P4-EC-02,P4-EC-03","Observed/machine review required"
"Ecuador","Spanish","motor CG 200 completo catálogo","motor CG 200 completo catálogo","CG200完整发动机","CG200 air-cooled","work motorcycle","Complete engine","Research","Research","Medium","PROXY DATA","Marketplace/channel and local terminology proxy; no volume/CPC","","Unknown","Google Search","Phrase","EC | CG150/200 Complete Engine | Search","/es/ecuador/","Raw candidate","NOT APPROVED","No","No","None","P4-EC-02,P4-EC-03","Observed/machine review required"
"Ecuador","Spanish","motor para tricimoto","motor para tricimoto","三轮摩托车发动机","CG150 air-cooled","tricimoto","Application research","B2B/unknown","Commercial research","Medium","PROXY DATA","Marketplace/channel and local terminology proxy; no volume/CPC","","Unknown","Google Search","Phrase","EC | Cargo/Tricimoto Engine | Search","/es/ecuador/","Retained","NOT APPROVED","No","No","None","P4-EC-01,P4-EC-05","Observed/machine review required"
"Ecuador","Spanish","motor para tricimoto para moto","motor para tricimoto para moto","三轮摩托车发动机","CG150 air-cooled","tricimoto","Application research","B2B/unknown","Commercial research","Medium","PROXY DATA","Marketplace/channel and local terminology proxy; no volume/CPC","","Unknown","Google Search","Phrase","EC | Cargo/Tricimoto Engine | Search","/es/ecuador/","Retained","NOT APPROVED","No","No","None","P4-EC-01,P4-EC-05","Observed/machine review required"
"Ecuador","Spanish","motor para tricimoto para trabajo","motor para tricimoto para trabajo","三轮摩托车发动机","CG150 air-cooled","tricimoto","Application research","B2B/unknown","Commercial research","Medium","PROXY DATA","Marketplace/channel and local terminology proxy; no volume/CPC","","Unknown","Google Search","Phrase","EC | Cargo/Tricimoto Engine | Search","/es/ecuador/","Retained","NOT APPROVED","No","No","None","P4-EC-01,P4-EC-05","Observed/machine review required"
"Ecuador","Spanish","motor para tricimoto al por mayor","motor para tricimoto al por mayor","三轮摩托车发动机","CG150 air-cooled","tricimoto","Application research","B2B/unknown","Commercial research","Medium","PROXY DATA","Marketplace/channel and local terminology proxy; no volume/CPC","","Unknown","Google Search","Phrase","EC | Cargo/Tricimoto Engine | Search","/es/ecuador/","Retained","NOT APPROVED","No","No","None","P4-EC-01,P4-EC-05","Observed/machine review required"
"Ecuador","Spanish","motor para tricimoto proveedor","motor para tricimoto proveedor","三轮摩托车发动机","CG150 air-cooled","tricimoto","Application research","B2B/unknown","Commercial research","Medium","PROXY DATA","Marketplace/channel and local terminology proxy; no volume/CPC","","Unknown","Google Search","Phrase","EC | Cargo/Tricimoto Engine | Search","/es/ecuador/","Retained","NOT APPROVED","No","No","None","P4-EC-01,P4-EC-05","Observed/machine review required"
"Ecuador","Spanish","motor para tricimoto distribuidor","motor para tricimoto distribuidor","三轮摩托车发动机","CG150 air-cooled","tricimoto","Application research","Research","Research","Medium","PROXY DATA","Marketplace/channel and local terminology proxy; no volume/CPC","","Unknown","Google Search","Phrase","EC | Cargo/Tricimoto Engine | Search","/es/ecuador/","Research only","NOT APPROVED","No","No","None","P4-EC-01,P4-EC-05","Observed/machine review required"
"Ecuador","Spanish","motor para tricimoto Ecuador","motor para tricimoto Ecuador","三轮摩托车发动机","CG150 air-cooled","tricimoto","Application research","Research","Research","Medium","PROXY DATA","Marketplace/channel and local terminology proxy; no volume/CPC","","Unknown","Google Search","Phrase","EC | Cargo/Tricimoto Engine | Search","/es/ecuador/","Research only","NOT APPROVED","No","No","None","P4-EC-01,P4-EC-05","Observed/machine review required"
"Ecuador","Spanish","motor para tricimoto para carga","motor para tricimoto para carga","三轮摩托车发动机","CG150 air-cooled","tricimoto","Application research","Research","Research","Medium","PROXY DATA","Marketplace/channel and local terminology proxy; no volume/CPC","","Unknown","Google Search","Phrase","EC | Cargo/Tricimoto Engine | Search","/es/ecuador/","Raw candidate","NOT APPROVED","No","No","None","P4-EC-01,P4-EC-05","Observed/machine review required"
"Ecuador","Spanish","motor para tricimoto importador","motor para tricimoto importador","三轮摩托车发动机","CG150 air-cooled","tricimoto","Application research","Research","Research","Medium","PROXY DATA","Marketplace/channel and local terminology proxy; no volume/CPC","","Unknown","Google Search","Phrase","EC | Cargo/Tricimoto Engine | Search","/es/ecuador/","Raw candidate","NOT APPROVED","No","No","None","P4-EC-01,P4-EC-05","Observed/machine review required"
"Ecuador","Spanish","motor para tricimoto catálogo","motor para tricimoto catálogo","三轮摩托车发动机","CG150 air-cooled","tricimoto","Application research","Research","Research","Medium","PROXY DATA","Marketplace/channel and local terminology proxy; no volume/CPC","","Unknown","Google Search","Phrase","EC | Cargo/Tricimoto Engine | Search","/es/ecuador/","Raw candidate","NOT APPROVED","No","No","None","P4-EC-01,P4-EC-05","Observed/machine review required"
"Ecuador","Spanish","motor para motocarro","motor para motocarro","货运三轮车发动机","CG150 air-cooled","motocarro","Application research","B2B/unknown","Commercial research","Medium","PROXY DATA","Marketplace/channel and local terminology proxy; no volume/CPC","","Unknown","Google Search","Phrase","EC | Cargo/Tricimoto Engine | Search","/es/ecuador/","Retained","NOT APPROVED","No","No","None","P4-EC-05","Observed/machine review required"
"Ecuador","Spanish","motor para motocarro para moto","motor para motocarro para moto","货运三轮车发动机","CG150 air-cooled","motocarro","Application research","B2B/unknown","Commercial research","Medium","PROXY DATA","Marketplace/channel and local terminology proxy; no volume/CPC","","Unknown","Google Search","Phrase","EC | Cargo/Tricimoto Engine | Search","/es/ecuador/","Retained","NOT APPROVED","No","No","None","P4-EC-05","Observed/machine review required"
"Ecuador","Spanish","motor para motocarro para trabajo","motor para motocarro para trabajo","货运三轮车发动机","CG150 air-cooled","motocarro","Application research","B2B/unknown","Commercial research","Medium","PROXY DATA","Marketplace/channel and local terminology proxy; no volume/CPC","","Unknown","Google Search","Phrase","EC | Cargo/Tricimoto Engine | Search","/es/ecuador/","Retained","NOT APPROVED","No","No","None","P4-EC-05","Observed/machine review required"
"Ecuador","Spanish","motor para motocarro al por mayor","motor para motocarro al por mayor","货运三轮车发动机","CG150 air-cooled","motocarro","Application research","B2B/unknown","Commercial research","Medium","PROXY DATA","Marketplace/channel and local terminology proxy; no volume/CPC","","Unknown","Google Search","Phrase","EC | Cargo/Tricimoto Engine | Search","/es/ecuador/","Retained","NOT APPROVED","No","No","None","P4-EC-05","Observed/machine review required"
"Ecuador","Spanish","motor para motocarro proveedor","motor para motocarro proveedor","货运三轮车发动机","CG150 air-cooled","motocarro","Application research","B2B/unknown","Commercial research","Medium","PROXY DATA","Marketplace/channel and local terminology proxy; no volume/CPC","","Unknown","Google Search","Phrase","EC | Cargo/Tricimoto Engine | Search","/es/ecuador/","Retained","NOT APPROVED","No","No","None","P4-EC-05","Observed/machine review required"
"Ecuador","Spanish","motor para motocarro distribuidor","motor para motocarro distribuidor","货运三轮车发动机","CG150 air-cooled","motocarro","Application research","Research","Research","Medium","PROXY DATA","Marketplace/channel and local terminology proxy; no volume/CPC","","Unknown","Google Search","Phrase","EC | Cargo/Tricimoto Engine | Search","/es/ecuador/","Research only","NOT APPROVED","No","No","None","P4-EC-05","Observed/machine review required"
"Ecuador","Spanish","motor para motocarro Ecuador","motor para motocarro Ecuador","货运三轮车发动机","CG150 air-cooled","motocarro","Application research","Research","Research","Medium","PROXY DATA","Marketplace/channel and local terminology proxy; no volume/CPC","","Unknown","Google Search","Phrase","EC | Cargo/Tricimoto Engine | Search","/es/ecuador/","Research only","NOT APPROVED","No","No","None","P4-EC-05","Observed/machine review required"
"Ecuador","Spanish","motor para motocarro para carga","motor para motocarro para carga","货运三轮车发动机","CG150 air-cooled","motocarro","Application research","Research","Research","Medium","PROXY DATA","Marketplace/channel and local terminology proxy; no volume/CPC","","Unknown","Google Search","Phrase","EC | Cargo/Tricimoto Engine | Search","/es/ecuador/","Raw candidate","NOT APPROVED","No","No","None","P4-EC-05","Observed/machine review required"
"Ecuador","Spanish","motor para motocarro importador","motor para motocarro importador","货运三轮车发动机","CG150 air-cooled","motocarro","Application research","Research","Research","Medium","PROXY DATA","Marketplace/channel and local terminology proxy; no volume/CPC","","Unknown","Google Search","Phrase","EC | Cargo/Tricimoto Engine | Search","/es/ecuador/","Raw candidate","NOT APPROVED","No","No","None","P4-EC-05","Observed/machine review required"
"Ecuador","Spanish","motor para motocarro catálogo","motor para motocarro catálogo","货运三轮车发动机","CG150 air-cooled","motocarro","Application research","Research","Research","Medium","PROXY DATA","Marketplace/channel and local terminology proxy; no volume/CPC","","Unknown","Google Search","Phrase","EC | Cargo/Tricimoto Engine | Search","/es/ecuador/","Raw candidate","NOT APPROVED","No","No","None","P4-EC-05","Observed/machine review required"
"Ecuador","Spanish","repuestos motor CG150","repuestos motor CG150","CG150发动机零件","Engine parts / spares pack","after-sales","Parts","B2B/unknown","Commercial research","Medium","PROXY DATA","Marketplace/channel and local terminology proxy; no volume/CPC","","Unknown","Google Search","Phrase","EC | Parts Wholesale | Search/SEO","/es/ecuador/","Retained","NOT APPROVED","No","No","None","P4-EC-02,P4-EC-03,P4-EC-04","Observed/machine review required"
"Ecuador","Spanish","repuestos motor CG150 para moto","repuestos motor CG150 para moto","CG150发动机零件","Engine parts / spares pack","after-sales","Parts","B2B/unknown","Commercial research","Medium","PROXY DATA","Marketplace/channel and local terminology proxy; no volume/CPC","","Unknown","Google Search","Phrase","EC | Parts Wholesale | Search/SEO","/es/ecuador/","Retained","NOT APPROVED","No","No","None","P4-EC-02,P4-EC-03,P4-EC-04","Observed/machine review required"
"Ecuador","Spanish","repuestos motor CG150 para trabajo","repuestos motor CG150 para trabajo","CG150发动机零件","Engine parts / spares pack","after-sales","Parts","B2B/unknown","Commercial research","Medium","PROXY DATA","Marketplace/channel and local terminology proxy; no volume/CPC","","Unknown","Google Search","Phrase","EC | Parts Wholesale | Search/SEO","/es/ecuador/","Retained","NOT APPROVED","No","No","None","P4-EC-02,P4-EC-03,P4-EC-04","Observed/machine review required"
"Ecuador","Spanish","repuestos motor CG150 al por mayor","repuestos motor CG150 al por mayor","CG150发动机零件","Engine parts / spares pack","after-sales","Parts","B2B/unknown","Commercial research","Medium","PROXY DATA","Marketplace/channel and local terminology proxy; no volume/CPC","","Unknown","Google Search","Phrase","EC | Parts Wholesale | Search/SEO","/es/ecuador/","Retained","NOT APPROVED","No","No","None","P4-EC-02,P4-EC-03,P4-EC-04","Observed/machine review required"
"Ecuador","Spanish","repuestos motor CG150 proveedor","repuestos motor CG150 proveedor","CG150发动机零件","Engine parts / spares pack","after-sales","Parts","B2B/unknown","Commercial research","Medium","PROXY DATA","Marketplace/channel and local terminology proxy; no volume/CPC","","Unknown","Google Search","Phrase","EC | Parts Wholesale | Search/SEO","/es/ecuador/","Retained","NOT APPROVED","No","No","None","P4-EC-02,P4-EC-03,P4-EC-04","Observed/machine review required"
"Ecuador","Spanish","repuestos motor CG150 distribuidor","repuestos motor CG150 distribuidor","CG150发动机零件","Engine parts / spares pack","after-sales","Parts","Research","Research","Medium","PROXY DATA","Marketplace/channel and local terminology proxy; no volume/CPC","","Unknown","Google Search","Phrase","EC | Parts Wholesale | Search/SEO","/es/ecuador/","Research only","NOT APPROVED","No","No","None","P4-EC-02,P4-EC-03,P4-EC-04","Observed/machine review required"
"Ecuador","Spanish","repuestos motor CG150 Ecuador","repuestos motor CG150 Ecuador","CG150发动机零件","Engine parts / spares pack","after-sales","Parts","Research","Research","Medium","PROXY DATA","Marketplace/channel and local terminology proxy; no volume/CPC","","Unknown","Google Search","Phrase","EC | Parts Wholesale | Search/SEO","/es/ecuador/","Research only","NOT APPROVED","No","No","None","P4-EC-02,P4-EC-03,P4-EC-04","Observed/machine review required"
"Ecuador","Spanish","repuestos motor CG150 para carga","repuestos motor CG150 para carga","CG150发动机零件","Engine parts / spares pack","after-sales","Parts","Research","Research","Medium","PROXY DATA","Marketplace/channel and local terminology proxy; no volume/CPC","","Unknown","Google Search","Phrase","EC | Parts Wholesale | Search/SEO","/es/ecuador/","Raw candidate","NOT APPROVED","No","No","None","P4-EC-02,P4-EC-03,P4-EC-04","Observed/machine review required"
"Ecuador","Spanish","repuestos motor CG150 importador","repuestos motor CG150 importador","CG150发动机零件","Engine parts / spares pack","after-sales","Parts","Research","Research","Medium","PROXY DATA","Marketplace/channel and local terminology proxy; no volume/CPC","","Unknown","Google Search","Phrase","EC | Parts Wholesale | Search/SEO","/es/ecuador/","Raw candidate","NOT APPROVED","No","No","None","P4-EC-02,P4-EC-03,P4-EC-04","Observed/machine review required"
"Ecuador","Spanish","repuestos motor CG150 catálogo","repuestos motor CG150 catálogo","CG150发动机零件","Engine parts / spares pack","after-sales","Parts","Research","Research","Medium","PROXY DATA","Marketplace/channel and local terminology proxy; no volume/CPC","","Unknown","Google Search","Phrase","EC | Parts Wholesale | Search/SEO","/es/ecuador/","Raw candidate","NOT APPROVED","No","No","None","P4-EC-02,P4-EC-03,P4-EC-04","Observed/machine review required"
"Ecuador","Spanish","repuestos motor CG200","repuestos motor CG200","CG200发动机零件","Engine parts / spares pack","after-sales","Parts","B2B/unknown","Commercial research","Medium","PROXY DATA","Marketplace/channel and local terminology proxy; no volume/CPC","","Unknown","Google Search","Phrase","EC | Parts Wholesale | Search/SEO","/es/ecuador/","Retained","NOT APPROVED","No","No","None","P4-EC-02,P4-EC-03,P4-EC-04","Observed/machine review required"
"Ecuador","Spanish","repuestos motor CG200 para moto","repuestos motor CG200 para moto","CG200发动机零件","Engine parts / spares pack","after-sales","Parts","B2B/unknown","Commercial research","Medium","PROXY DATA","Marketplace/channel and local terminology proxy; no volume/CPC","","Unknown","Google Search","Phrase","EC | Parts Wholesale | Search/SEO","/es/ecuador/","Retained","NOT APPROVED","No","No","None","P4-EC-02,P4-EC-03,P4-EC-04","Observed/machine review required"
"Ecuador","Spanish","repuestos motor CG200 para trabajo","repuestos motor CG200 para trabajo","CG200发动机零件","Engine parts / spares pack","after-sales","Parts","B2B/unknown","Commercial research","Medium","PROXY DATA","Marketplace/channel and local terminology proxy; no volume/CPC","","Unknown","Google Search","Phrase","EC | Parts Wholesale | Search/SEO","/es/ecuador/","Retained","NOT APPROVED","No","No","None","P4-EC-02,P4-EC-03,P4-EC-04","Observed/machine review required"
"Ecuador","Spanish","repuestos motor CG200 al por mayor","repuestos motor CG200 al por mayor","CG200发动机零件","Engine parts / spares pack","after-sales","Parts","B2B/unknown","Commercial research","Medium","PROXY DATA","Marketplace/channel and local terminology proxy; no volume/CPC","","Unknown","Google Search","Phrase","EC | Parts Wholesale | Search/SEO","/es/ecuador/","Retained","NOT APPROVED","No","No","None","P4-EC-02,P4-EC-03,P4-EC-04","Observed/machine review required"
"Ecuador","Spanish","repuestos motor CG200 proveedor","repuestos motor CG200 proveedor","CG200发动机零件","Engine parts / spares pack","after-sales","Parts","B2B/unknown","Commercial research","Medium","PROXY DATA","Marketplace/channel and local terminology proxy; no volume/CPC","","Unknown","Google Search","Phrase","EC | Parts Wholesale | Search/SEO","/es/ecuador/","Retained","NOT APPROVED","No","No","None","P4-EC-02,P4-EC-03,P4-EC-04","Observed/machine review required"
"Ecuador","Spanish","repuestos motor CG200 distribuidor","repuestos motor CG200 distribuidor","CG200发动机零件","Engine parts / spares pack","after-sales","Parts","Research","Research","Medium","PROXY DATA","Marketplace/channel and local terminology proxy; no volume/CPC","","Unknown","Google Search","Phrase","EC | Parts Wholesale | Search/SEO","/es/ecuador/","Research only","NOT APPROVED","No","No","None","P4-EC-02,P4-EC-03,P4-EC-04","Observed/machine review required"
"Ecuador","Spanish","repuestos motor CG200 Ecuador","repuestos motor CG200 Ecuador","CG200发动机零件","Engine parts / spares pack","after-sales","Parts","Research","Research","Medium","PROXY DATA","Marketplace/channel and local terminology proxy; no volume/CPC","","Unknown","Google Search","Phrase","EC | Parts Wholesale | Search/SEO","/es/ecuador/","Research only","NOT APPROVED","No","No","None","P4-EC-02,P4-EC-03,P4-EC-04","Observed/machine review required"
"Ecuador","Spanish","repuestos motor CG200 para carga","repuestos motor CG200 para carga","CG200发动机零件","Engine parts / spares pack","after-sales","Parts","Research","Research","Medium","PROXY DATA","Marketplace/channel and local terminology proxy; no volume/CPC","","Unknown","Google Search","Phrase","EC | Parts Wholesale | Search/SEO","/es/ecuador/","Raw candidate","NOT APPROVED","No","No","None","P4-EC-02,P4-EC-03,P4-EC-04","Observed/machine review required"
"Ecuador","Spanish","repuestos motor CG200 importador","repuestos motor CG200 importador","CG200发动机零件","Engine parts / spares pack","after-sales","Parts","Research","Research","Medium","PROXY DATA","Marketplace/channel and local terminology proxy; no volume/CPC","","Unknown","Google Search","Phrase","EC | Parts Wholesale | Search/SEO","/es/ecuador/","Raw candidate","NOT APPROVED","No","No","None","P4-EC-02,P4-EC-03,P4-EC-04","Observed/machine review required"
"Ecuador","Spanish","repuestos motor CG200 catálogo","repuestos motor CG200 catálogo","CG200发动机零件","Engine parts / spares pack","after-sales","Parts","Research","Research","Medium","PROXY DATA","Marketplace/channel and local terminology proxy; no volume/CPC","","Unknown","Google Search","Phrase","EC | Parts Wholesale | Search/SEO","/es/ecuador/","Raw candidate","NOT APPROVED","No","No","None","P4-EC-02,P4-EC-03,P4-EC-04","Observed/machine review required"
"Ecuador","Spanish","proveedor motores CG","proveedor motores CG","CG发动机供应商","CG150 air-cooled","B2B","Supplier research","B2B/unknown","Commercial research","Medium","PROXY DATA","Marketplace/channel and local terminology proxy; no volume/CPC","","Unknown","Google Search","Phrase","EC | Replacement Engine | Search","/es/ecuador/","Retained","NOT APPROVED","No","No","None","P4-EC-01,P4-EC-03","Observed/machine review required"
"Ecuador","Spanish","proveedor motores CG para moto","proveedor motores CG para moto","CG发动机供应商","CG150 air-cooled","B2B","Supplier research","B2B/unknown","Commercial research","Medium","PROXY DATA","Marketplace/channel and local terminology proxy; no volume/CPC","","Unknown","Google Search","Phrase","EC | Replacement Engine | Search","/es/ecuador/","Retained","NOT APPROVED","No","No","None","P4-EC-01,P4-EC-03","Observed/machine review required"
"Ecuador","Spanish","proveedor motores CG para trabajo","proveedor motores CG para trabajo","CG发动机供应商","CG150 air-cooled","B2B","Supplier research","B2B/unknown","Commercial research","Medium","PROXY DATA","Marketplace/channel and local terminology proxy; no volume/CPC","","Unknown","Google Search","Phrase","EC | Replacement Engine | Search","/es/ecuador/","Retained","NOT APPROVED","No","No","None","P4-EC-01,P4-EC-03","Observed/machine review required"
"Ecuador","Spanish","proveedor motores CG al por mayor","proveedor motores CG al por mayor","CG发动机供应商","CG150 air-cooled","B2B","Supplier research","B2B/unknown","Commercial research","Medium","PROXY DATA","Marketplace/channel and local terminology proxy; no volume/CPC","","Unknown","Google Search","Phrase","EC | Replacement Engine | Search","/es/ecuador/","Retained","NOT APPROVED","No","No","None","P4-EC-01,P4-EC-03","Observed/machine review required"
"Ecuador","Spanish","proveedor motores CG proveedor","proveedor motores CG proveedor","CG发动机供应商","CG150 air-cooled","B2B","Supplier research","B2B/unknown","Commercial research","Medium","PROXY DATA","Marketplace/channel and local terminology proxy; no volume/CPC","","Unknown","Google Search","Phrase","EC | Replacement Engine | Search","/es/ecuador/","Retained","NOT APPROVED","No","No","None","P4-EC-01,P4-EC-03","Observed/machine review required"
"Ecuador","Spanish","proveedor motores CG distribuidor","proveedor motores CG distribuidor","CG发动机供应商","CG150 air-cooled","B2B","Supplier research","Research","Research","Medium","PROXY DATA","Marketplace/channel and local terminology proxy; no volume/CPC","","Unknown","Google Search","Phrase","EC | Replacement Engine | Search","/es/ecuador/","Research only","NOT APPROVED","No","No","None","P4-EC-01,P4-EC-03","Observed/machine review required"
"Ecuador","Spanish","proveedor motores CG Ecuador","proveedor motores CG Ecuador","CG发动机供应商","CG150 air-cooled","B2B","Supplier research","Research","Research","Medium","PROXY DATA","Marketplace/channel and local terminology proxy; no volume/CPC","","Unknown","Google Search","Phrase","EC | Replacement Engine | Search","/es/ecuador/","Research only","NOT APPROVED","No","No","None","P4-EC-01,P4-EC-03","Observed/machine review required"
"Ecuador","Spanish","proveedor motores CG para carga","proveedor motores CG para carga","CG发动机供应商","CG150 air-cooled","B2B","Supplier research","Research","Research","Medium","PROXY DATA","Marketplace/channel and local terminology proxy; no volume/CPC","","Unknown","Google Search","Phrase","EC | Replacement Engine | Search","/es/ecuador/","Raw candidate","NOT APPROVED","No","No","None","P4-EC-01,P4-EC-03","Observed/machine review required"
"Ecuador","Spanish","proveedor motores CG importador","proveedor motores CG importador","CG发动机供应商","CG150 air-cooled","B2B","Supplier research","Research","Research","Medium","PROXY DATA","Marketplace/channel and local terminology proxy; no volume/CPC","","Unknown","Google Search","Phrase","EC | Replacement Engine | Search","/es/ecuador/","Raw candidate","NOT APPROVED","No","No","None","P4-EC-01,P4-EC-03","Observed/machine review required"
"Ecuador","Spanish","proveedor motores CG catálogo","proveedor motores CG catálogo","CG发动机供应商","CG150 air-cooled","B2B","Supplier research","Research","Research","Medium","PROXY DATA","Marketplace/channel and local terminology proxy; no volume/CPC","","Unknown","Google Search","Phrase","EC | Replacement Engine | Search","/es/ecuador/","Raw candidate","NOT APPROVED","No","No","None","P4-EC-01,P4-EC-03","Observed/machine review required"
"Ecuador","Spanish","motores para motos al por mayor","motores para motos al por mayor","摩托车发动机批发","CG150 air-cooled","B2B","Wholesale research","B2B/unknown","Commercial research","Medium","PROXY DATA","Marketplace/channel and local terminology proxy; no volume/CPC","","Unknown","Google Search","Phrase","EC | Replacement Engine | Search","/es/ecuador/","Retained","NOT APPROVED","No","No","None","P4-EC-03","Observed/machine review required"
"Ecuador","Spanish","motores para motos al por mayor para moto","motores para motos al por mayor para moto","摩托车发动机批发","CG150 air-cooled","B2B","Wholesale research","B2B/unknown","Commercial research","Medium","PROXY DATA","Marketplace/channel and local terminology proxy; no volume/CPC","","Unknown","Google Search","Phrase","EC | Replacement Engine | Search","/es/ecuador/","Retained","NOT APPROVED","No","No","None","P4-EC-03","Observed/machine review required"
"Ecuador","Spanish","motores para motos al por mayor para trabajo","motores para motos al por mayor para trabajo","摩托车发动机批发","CG150 air-cooled","B2B","Wholesale research","B2B/unknown","Commercial research","Medium","PROXY DATA","Marketplace/channel and local terminology proxy; no volume/CPC","","Unknown","Google Search","Phrase","EC | Replacement Engine | Search","/es/ecuador/","Retained","NOT APPROVED","No","No","None","P4-EC-03","Observed/machine review required"
"Ecuador","Spanish","motores para motos al por mayor al por mayor","motores para motos al por mayor al por mayor","摩托车发动机批发","CG150 air-cooled","B2B","Wholesale research","B2B/unknown","Commercial research","Medium","PROXY DATA","Marketplace/channel and local terminology proxy; no volume/CPC","","Unknown","Google Search","Phrase","EC | Replacement Engine | Search","/es/ecuador/","Retained","NOT APPROVED","No","No","None","P4-EC-03","Observed/machine review required"
"Ecuador","Spanish","motores para motos al por mayor proveedor","motores para motos al por mayor proveedor","摩托车发动机批发","CG150 air-cooled","B2B","Wholesale research","B2B/unknown","Commercial research","Medium","PROXY DATA","Marketplace/channel and local terminology proxy; no volume/CPC","","Unknown","Google Search","Phrase","EC | Replacement Engine | Search","/es/ecuador/","Retained","NOT APPROVED","No","No","None","P4-EC-03","Observed/machine review required"
"Ecuador","Spanish","motores para motos al por mayor distribuidor","motores para motos al por mayor distribuidor","摩托车发动机批发","CG150 air-cooled","B2B","Wholesale research","Research","Research","Medium","PROXY DATA","Marketplace/channel and local terminology proxy; no volume/CPC","","Unknown","Google Search","Phrase","EC | Replacement Engine | Search","/es/ecuador/","Research only","NOT APPROVED","No","No","None","P4-EC-03","Observed/machine review required"
"Ecuador","Spanish","motores para motos al por mayor Ecuador","motores para motos al por mayor Ecuador","摩托车发动机批发","CG150 air-cooled","B2B","Wholesale research","Research","Research","Medium","PROXY DATA","Marketplace/channel and local terminology proxy; no volume/CPC","","Unknown","Google Search","Phrase","EC | Replacement Engine | Search","/es/ecuador/","Research only","NOT APPROVED","No","No","None","P4-EC-03","Observed/machine review required"
"Ecuador","Spanish","motores para motos al por mayor para carga","motores para motos al por mayor para carga","摩托车发动机批发","CG150 air-cooled","B2B","Wholesale research","Research","Research","Medium","PROXY DATA","Marketplace/channel and local terminology proxy; no volume/CPC","","Unknown","Google Search","Phrase","EC | Replacement Engine | Search","/es/ecuador/","Raw candidate","NOT APPROVED","No","No","None","P4-EC-03","Observed/machine review required"
"Ecuador","Spanish","motores para motos al por mayor importador","motores para motos al por mayor importador","摩托车发动机批发","CG150 air-cooled","B2B","Wholesale research","Research","Research","Medium","PROXY DATA","Marketplace/channel and local terminology proxy; no volume/CPC","","Unknown","Google Search","Phrase","EC | Replacement Engine | Search","/es/ecuador/","Raw candidate","NOT APPROVED","No","No","None","P4-EC-03","Observed/machine review required"
"Ecuador","Spanish","motores para motos al por mayor catálogo","motores para motos al por mayor catálogo","摩托车发动机批发","CG150 air-cooled","B2B","Wholesale research","Research","Research","Medium","PROXY DATA","Marketplace/channel and local terminology proxy; no volume/CPC","","Unknown","Google Search","Phrase","EC | Replacement Engine | Search","/es/ecuador/","Raw candidate","NOT APPROVED","No","No","None","P4-EC-03","Observed/machine review required"
"Ecuador","Spanish","motor CG 125","motor CG 125","CG125发动机","CG125 air-cooled","motorcycle","Research only","B2B/unknown","Commercial research","Medium","PROXY DATA","Marketplace/channel and local terminology proxy; no volume/CPC","","Unknown","Google Search","Phrase","EC | CG150/200 Complete Engine | Search","/es/ecuador/","Retained","NOT APPROVED","No","No","None","P4-EC-04","Observed/machine review required"
"Ecuador","Spanish","motor CG 125 para moto","motor CG 125 para moto","CG125发动机","CG125 air-cooled","motorcycle","Research only","B2B/unknown","Commercial research","Medium","PROXY DATA","Marketplace/channel and local terminology proxy; no volume/CPC","","Unknown","Google Search","Phrase","EC | CG150/200 Complete Engine | Search","/es/ecuador/","Retained","NOT APPROVED","No","No","None","P4-EC-04","Observed/machine review required"
"Ecuador","Spanish","motor CG 125 para trabajo","motor CG 125 para trabajo","CG125发动机","CG125 air-cooled","motorcycle","Research only","B2B/unknown","Commercial research","Medium","PROXY DATA","Marketplace/channel and local terminology proxy; no volume/CPC","","Unknown","Google Search","Phrase","EC | CG150/200 Complete Engine | Search","/es/ecuador/","Retained","NOT APPROVED","No","No","None","P4-EC-04","Observed/machine review required"
"Ecuador","Spanish","motor CG 125 al por mayor","motor CG 125 al por mayor","CG125发动机","CG125 air-cooled","motorcycle","Research only","B2B/unknown","Commercial research","Medium","PROXY DATA","Marketplace/channel and local terminology proxy; no volume/CPC","","Unknown","Google Search","Phrase","EC | CG150/200 Complete Engine | Search","/es/ecuador/","Retained","NOT APPROVED","No","No","None","P4-EC-04","Observed/machine review required"
"Ecuador","Spanish","motor CG 125 proveedor","motor CG 125 proveedor","CG125发动机","CG125 air-cooled","motorcycle","Research only","B2B/unknown","Commercial research","Medium","PROXY DATA","Marketplace/channel and local terminology proxy; no volume/CPC","","Unknown","Google Search","Phrase","EC | CG150/200 Complete Engine | Search","/es/ecuador/","Retained","NOT APPROVED","No","No","None","P4-EC-04","Observed/machine review required"
"Ecuador","Spanish","motor CG 125 distribuidor","motor CG 125 distribuidor","CG125发动机","CG125 air-cooled","motorcycle","Research only","Research","Research","Medium","PROXY DATA","Marketplace/channel and local terminology proxy; no volume/CPC","","Unknown","Google Search","Phrase","EC | CG150/200 Complete Engine | Search","/es/ecuador/","Research only","NOT APPROVED","No","No","None","P4-EC-04","Observed/machine review required"
"Ecuador","Spanish","motor CG 125 Ecuador","motor CG 125 Ecuador","CG125发动机","CG125 air-cooled","motorcycle","Research only","Research","Research","Medium","PROXY DATA","Marketplace/channel and local terminology proxy; no volume/CPC","","Unknown","Google Search","Phrase","EC | CG150/200 Complete Engine | Search","/es/ecuador/","Research only","NOT APPROVED","No","No","None","P4-EC-04","Observed/machine review required"
"Ecuador","Spanish","motor CG 125 para carga","motor CG 125 para carga","CG125发动机","CG125 air-cooled","motorcycle","Research only","Research","Research","Medium","PROXY DATA","Marketplace/channel and local terminology proxy; no volume/CPC","","Unknown","Google Search","Phrase","EC | CG150/200 Complete Engine | Search","/es/ecuador/","Raw candidate","NOT APPROVED","No","No","None","P4-EC-04","Observed/machine review required"
"Ecuador","Spanish","motor CG 125 importador","motor CG 125 importador","CG125发动机","CG125 air-cooled","motorcycle","Research only","Research","Research","Medium","PROXY DATA","Marketplace/channel and local terminology proxy; no volume/CPC","","Unknown","Google Search","Phrase","EC | CG150/200 Complete Engine | Search","/es/ecuador/","Raw candidate","NOT APPROVED","No","No","None","P4-EC-04","Observed/machine review required"
"Ecuador","Spanish","motor CG 125 catálogo","motor CG 125 catálogo","CG125发动机","CG125 air-cooled","motorcycle","Research only","Research","Research","Medium","PROXY DATA","Marketplace/channel and local terminology proxy; no volume/CPC","","Unknown","Google Search","Phrase","EC | CG150/200 Complete Engine | Search","/es/ecuador/","Raw candidate","NOT APPROVED","No","No","None","P4-EC-04","Observed/machine review required"
"Ecuador","Spanish","motor agua tricimoto","motor agua tricimoto","三轮车水冷发动机","CG150-250 water-cooled cargo","cargo tricycle","Research only","B2B/unknown","Commercial research","Medium","PROXY DATA","Marketplace/channel and local terminology proxy; no volume/CPC","","Unknown","Google Search","Phrase","EC | Cargo/Tricimoto Engine | Search","/es/ecuador/","Retained","NOT APPROVED","No","No","None","P4-EC-05","Observed/machine review required"
"Ecuador","Spanish","motor agua tricimoto para moto","motor agua tricimoto para moto","三轮车水冷发动机","CG150-250 water-cooled cargo","cargo tricycle","Research only","B2B/unknown","Commercial research","Medium","PROXY DATA","Marketplace/channel and local terminology proxy; no volume/CPC","","Unknown","Google Search","Phrase","EC | Cargo/Tricimoto Engine | Search","/es/ecuador/","Retained","NOT APPROVED","No","No","None","P4-EC-05","Observed/machine review required"
"Ecuador","Spanish","motor agua tricimoto para trabajo","motor agua tricimoto para trabajo","三轮车水冷发动机","CG150-250 water-cooled cargo","cargo tricycle","Research only","B2B/unknown","Commercial research","Medium","PROXY DATA","Marketplace/channel and local terminology proxy; no volume/CPC","","Unknown","Google Search","Phrase","EC | Cargo/Tricimoto Engine | Search","/es/ecuador/","Retained","NOT APPROVED","No","No","None","P4-EC-05","Observed/machine review required"
"Ecuador","Spanish","motor agua tricimoto al por mayor","motor agua tricimoto al por mayor","三轮车水冷发动机","CG150-250 water-cooled cargo","cargo tricycle","Research only","B2B/unknown","Commercial research","Medium","PROXY DATA","Marketplace/channel and local terminology proxy; no volume/CPC","","Unknown","Google Search","Phrase","EC | Cargo/Tricimoto Engine | Search","/es/ecuador/","Retained","NOT APPROVED","No","No","None","P4-EC-05","Observed/machine review required"
"Ecuador","Spanish","motor agua tricimoto proveedor","motor agua tricimoto proveedor","三轮车水冷发动机","CG150-250 water-cooled cargo","cargo tricycle","Research only","B2B/unknown","Commercial research","Medium","PROXY DATA","Marketplace/channel and local terminology proxy; no volume/CPC","","Unknown","Google Search","Phrase","EC | Cargo/Tricimoto Engine | Search","/es/ecuador/","Retained","NOT APPROVED","No","No","None","P4-EC-05","Observed/machine review required"
"Ecuador","Spanish","motor agua tricimoto distribuidor","motor agua tricimoto distribuidor","三轮车水冷发动机","CG150-250 water-cooled cargo","cargo tricycle","Research only","Research","Research","Medium","PROXY DATA","Marketplace/channel and local terminology proxy; no volume/CPC","","Unknown","Google Search","Phrase","EC | Cargo/Tricimoto Engine | Search","/es/ecuador/","Research only","NOT APPROVED","No","No","None","P4-EC-05","Observed/machine review required"
"Ecuador","Spanish","motor agua tricimoto Ecuador","motor agua tricimoto Ecuador","三轮车水冷发动机","CG150-250 water-cooled cargo","cargo tricycle","Research only","Research","Research","Medium","PROXY DATA","Marketplace/channel and local terminology proxy; no volume/CPC","","Unknown","Google Search","Phrase","EC | Cargo/Tricimoto Engine | Search","/es/ecuador/","Research only","NOT APPROVED","No","No","None","P4-EC-05","Observed/machine review required"
"Ecuador","Spanish","motor agua tricimoto para carga","motor agua tricimoto para carga","三轮车水冷发动机","CG150-250 water-cooled cargo","cargo tricycle","Research only","Research","Research","Medium","PROXY DATA","Marketplace/channel and local terminology proxy; no volume/CPC","","Unknown","Google Search","Phrase","EC | Cargo/Tricimoto Engine | Search","/es/ecuador/","Raw candidate","NOT APPROVED","No","No","None","P4-EC-05","Observed/machine review required"
"Ecuador","Spanish","motor agua tricimoto importador","motor agua tricimoto importador","三轮车水冷发动机","CG150-250 water-cooled cargo","cargo tricycle","Research only","Research","Research","Medium","PROXY DATA","Marketplace/channel and local terminology proxy; no volume/CPC","","Unknown","Google Search","Phrase","EC | Cargo/Tricimoto Engine | Search","/es/ecuador/","Raw candidate","NOT APPROVED","No","No","None","P4-EC-05","Observed/machine review required"
"Ecuador","Spanish","motor agua tricimoto catálogo","motor agua tricimoto catálogo","三轮车水冷发动机","CG150-250 water-cooled cargo","cargo tricycle","Research only","Research","Research","Medium","PROXY DATA","Marketplace/channel and local terminology proxy; no volume/CPC","","Unknown","Google Search","Phrase","EC | Cargo/Tricimoto Engine | Search","/es/ecuador/","Raw candidate","NOT APPROVED","No","No","None","P4-EC-05","Observed/machine review required"
"Tanzania","English","CG125 motorcycle engine","CG125 motorcycle engine","CG125摩托车发动机","CG125 air-cooled","work motorcycle","Complete engine research","B2B/unknown","Commercial research","Medium","PROXY DATA","Marketplace/channel and local terminology proxy; no volume/CPC","","Unknown","Google Search","Phrase","TZ | CG125/150/200 Engine | Search","/en/tanzania/","Retained","NOT APPROVED","No","No","None","P4-TZ-01,P4-TZ-05","Observed/machine review required"
"Tanzania","English","CG125 motorcycle engine wholesale","CG125 motorcycle engine wholesale","CG125摩托车发动机","CG125 air-cooled","work motorcycle","Complete engine research","B2B/unknown","Commercial research","Medium","PROXY DATA","Marketplace/channel and local terminology proxy; no volume/CPC","","Unknown","Google Search","Phrase","TZ | CG125/150/200 Engine | Search","/en/tanzania/","Retained","NOT APPROVED","No","No","None","P4-TZ-01,P4-TZ-05","Observed/machine review required"
"Tanzania","English","CG125 motorcycle engine supplier","CG125 motorcycle engine supplier","CG125摩托车发动机","CG125 air-cooled","work motorcycle","Complete engine research","B2B/unknown","Commercial research","Medium","PROXY DATA","Marketplace/channel and local terminology proxy; no volume/CPC","","Unknown","Google Search","Phrase","TZ | CG125/150/200 Engine | Search","/en/tanzania/","Retained","NOT APPROVED","No","No","None","P4-TZ-01,P4-TZ-05","Observed/machine review required"
"Tanzania","English","CG125 motorcycle engine for work motorcycle","CG125 motorcycle engine for work motorcycle","CG125摩托车发动机","CG125 air-cooled","work motorcycle","Complete engine research","B2B/unknown","Commercial research","Medium","PROXY DATA","Marketplace/channel and local terminology proxy; no volume/CPC","","Unknown","Google Search","Phrase","TZ | CG125/150/200 Engine | Search","/en/tanzania/","Retained","NOT APPROVED","No","No","None","P4-TZ-01,P4-TZ-05","Observed/machine review required"
"Tanzania","English","CG125 motorcycle engine Tanzania","CG125 motorcycle engine Tanzania","CG125摩托车发动机","CG125 air-cooled","work motorcycle","Complete engine research","B2B/unknown","Commercial research","Medium","PROXY DATA","Marketplace/channel and local terminology proxy; no volume/CPC","","Unknown","Google Search","Phrase","TZ | CG125/150/200 Engine | Search","/en/tanzania/","Retained","NOT APPROVED","No","No","None","P4-TZ-01,P4-TZ-05","Observed/machine review required"
"Tanzania","English","CG125 motorcycle engine distributor","CG125 motorcycle engine distributor","CG125摩托车发动机","CG125 air-cooled","work motorcycle","Complete engine research","Research","Research","Medium","PROXY DATA","Marketplace/channel and local terminology proxy; no volume/CPC","","Unknown","Google Search","Phrase","TZ | CG125/150/200 Engine | Search","/en/tanzania/","Research only","NOT APPROVED","No","No","None","P4-TZ-01,P4-TZ-05","Observed/machine review required"
"Tanzania","English","CG125 motorcycle engine dealer","CG125 motorcycle engine dealer","CG125摩托车发动机","CG125 air-cooled","work motorcycle","Complete engine research","Research","Research","Medium","PROXY DATA","Marketplace/channel and local terminology proxy; no volume/CPC","","Unknown","Google Search","Phrase","TZ | CG125/150/200 Engine | Search","/en/tanzania/","Research only","NOT APPROVED","No","No","None","P4-TZ-01,P4-TZ-05","Observed/machine review required"
"Tanzania","English","CG125 motorcycle engine for cargo work","CG125 motorcycle engine for cargo work","CG125摩托车发动机","CG125 air-cooled","work motorcycle","Complete engine research","Research","Research","Medium","PROXY DATA","Marketplace/channel and local terminology proxy; no volume/CPC","","Unknown","Google Search","Phrase","TZ | CG125/150/200 Engine | Search","/en/tanzania/","Raw candidate","NOT APPROVED","No","No","None","P4-TZ-01,P4-TZ-05","Observed/machine review required"
"Tanzania","English","CG125 motorcycle engine importer","CG125 motorcycle engine importer","CG125摩托车发动机","CG125 air-cooled","work motorcycle","Complete engine research","Research","Research","Medium","PROXY DATA","Marketplace/channel and local terminology proxy; no volume/CPC","","Unknown","Google Search","Phrase","TZ | CG125/150/200 Engine | Search","/en/tanzania/","Raw candidate","NOT APPROVED","No","No","None","P4-TZ-01,P4-TZ-05","Observed/machine review required"
"Tanzania","English","CG125 motorcycle engine catalogue","CG125 motorcycle engine catalogue","CG125摩托车发动机","CG125 air-cooled","work motorcycle","Complete engine research","Research","Research","Medium","PROXY DATA","Marketplace/channel and local terminology proxy; no volume/CPC","","Unknown","Google Search","Phrase","TZ | CG125/150/200 Engine | Search","/en/tanzania/","Raw candidate","NOT APPROVED","No","No","None","P4-TZ-01,P4-TZ-05","Observed/machine review required"
"Tanzania","English","CG150 motorcycle engine","CG150 motorcycle engine","CG150摩托车发动机","CG150 air-cooled","work motorcycle","Complete engine research","B2B/unknown","Commercial research","Medium","PROXY DATA","Marketplace/channel and local terminology proxy; no volume/CPC","","Unknown","Google Search","Phrase","TZ | CG125/150/200 Engine | Search","/en/tanzania/","Retained","NOT APPROVED","No","No","None","P4-TZ-01,P4-TZ-02","Observed/machine review required"
"Tanzania","English","CG150 motorcycle engine wholesale","CG150 motorcycle engine wholesale","CG150摩托车发动机","CG150 air-cooled","work motorcycle","Complete engine research","B2B/unknown","Commercial research","Medium","PROXY DATA","Marketplace/channel and local terminology proxy; no volume/CPC","","Unknown","Google Search","Phrase","TZ | CG125/150/200 Engine | Search","/en/tanzania/","Retained","NOT APPROVED","No","No","None","P4-TZ-01,P4-TZ-02","Observed/machine review required"
"Tanzania","English","CG150 motorcycle engine supplier","CG150 motorcycle engine supplier","CG150摩托车发动机","CG150 air-cooled","work motorcycle","Complete engine research","B2B/unknown","Commercial research","Medium","PROXY DATA","Marketplace/channel and local terminology proxy; no volume/CPC","","Unknown","Google Search","Phrase","TZ | CG125/150/200 Engine | Search","/en/tanzania/","Retained","NOT APPROVED","No","No","None","P4-TZ-01,P4-TZ-02","Observed/machine review required"
"Tanzania","English","CG150 motorcycle engine for work motorcycle","CG150 motorcycle engine for work motorcycle","CG150摩托车发动机","CG150 air-cooled","work motorcycle","Complete engine research","B2B/unknown","Commercial research","Medium","PROXY DATA","Marketplace/channel and local terminology proxy; no volume/CPC","","Unknown","Google Search","Phrase","TZ | CG125/150/200 Engine | Search","/en/tanzania/","Retained","NOT APPROVED","No","No","None","P4-TZ-01,P4-TZ-02","Observed/machine review required"
"Tanzania","English","CG150 motorcycle engine Tanzania","CG150 motorcycle engine Tanzania","CG150摩托车发动机","CG150 air-cooled","work motorcycle","Complete engine research","B2B/unknown","Commercial research","Medium","PROXY DATA","Marketplace/channel and local terminology proxy; no volume/CPC","","Unknown","Google Search","Phrase","TZ | CG125/150/200 Engine | Search","/en/tanzania/","Retained","NOT APPROVED","No","No","None","P4-TZ-01,P4-TZ-02","Observed/machine review required"
"Tanzania","English","CG150 motorcycle engine distributor","CG150 motorcycle engine distributor","CG150摩托车发动机","CG150 air-cooled","work motorcycle","Complete engine research","Research","Research","Medium","PROXY DATA","Marketplace/channel and local terminology proxy; no volume/CPC","","Unknown","Google Search","Phrase","TZ | CG125/150/200 Engine | Search","/en/tanzania/","Research only","NOT APPROVED","No","No","None","P4-TZ-01,P4-TZ-02","Observed/machine review required"
"Tanzania","English","CG150 motorcycle engine dealer","CG150 motorcycle engine dealer","CG150摩托车发动机","CG150 air-cooled","work motorcycle","Complete engine research","Research","Research","Medium","PROXY DATA","Marketplace/channel and local terminology proxy; no volume/CPC","","Unknown","Google Search","Phrase","TZ | CG125/150/200 Engine | Search","/en/tanzania/","Research only","NOT APPROVED","No","No","None","P4-TZ-01,P4-TZ-02","Observed/machine review required"
"Tanzania","English","CG150 motorcycle engine for cargo work","CG150 motorcycle engine for cargo work","CG150摩托车发动机","CG150 air-cooled","work motorcycle","Complete engine research","Research","Research","Medium","PROXY DATA","Marketplace/channel and local terminology proxy; no volume/CPC","","Unknown","Google Search","Phrase","TZ | CG125/150/200 Engine | Search","/en/tanzania/","Raw candidate","NOT APPROVED","No","No","None","P4-TZ-01,P4-TZ-02","Observed/machine review required"
"Tanzania","English","CG150 motorcycle engine importer","CG150 motorcycle engine importer","CG150摩托车发动机","CG150 air-cooled","work motorcycle","Complete engine research","Research","Research","Medium","PROXY DATA","Marketplace/channel and local terminology proxy; no volume/CPC","","Unknown","Google Search","Phrase","TZ | CG125/150/200 Engine | Search","/en/tanzania/","Raw candidate","NOT APPROVED","No","No","None","P4-TZ-01,P4-TZ-02","Observed/machine review required"
"Tanzania","English","CG150 motorcycle engine catalogue","CG150 motorcycle engine catalogue","CG150摩托车发动机","CG150 air-cooled","work motorcycle","Complete engine research","Research","Research","Medium","PROXY DATA","Marketplace/channel and local terminology proxy; no volume/CPC","","Unknown","Google Search","Phrase","TZ | CG125/150/200 Engine | Search","/en/tanzania/","Raw candidate","NOT APPROVED","No","No","None","P4-TZ-01,P4-TZ-02","Observed/machine review required"
"Tanzania","English","CG200 motorcycle engine","CG200 motorcycle engine","CG200摩托车发动机","CG200 air-cooled","work motorcycle","Complete engine research","B2B/unknown","Commercial research","Medium","PROXY DATA","Marketplace/channel and local terminology proxy; no volume/CPC","","Unknown","Google Search","Phrase","TZ | CG125/150/200 Engine | Search","/en/tanzania/","Retained","NOT APPROVED","No","No","None","P4-TZ-01,P4-TZ-02","Observed/machine review required"
"Tanzania","English","CG200 motorcycle engine wholesale","CG200 motorcycle engine wholesale","CG200摩托车发动机","CG200 air-cooled","work motorcycle","Complete engine research","B2B/unknown","Commercial research","Medium","PROXY DATA","Marketplace/channel and local terminology proxy; no volume/CPC","","Unknown","Google Search","Phrase","TZ | CG125/150/200 Engine | Search","/en/tanzania/","Retained","NOT APPROVED","No","No","None","P4-TZ-01,P4-TZ-02","Observed/machine review required"
"Tanzania","English","CG200 motorcycle engine supplier","CG200 motorcycle engine supplier","CG200摩托车发动机","CG200 air-cooled","work motorcycle","Complete engine research","B2B/unknown","Commercial research","Medium","PROXY DATA","Marketplace/channel and local terminology proxy; no volume/CPC","","Unknown","Google Search","Phrase","TZ | CG125/150/200 Engine | Search","/en/tanzania/","Retained","NOT APPROVED","No","No","None","P4-TZ-01,P4-TZ-02","Observed/machine review required"
"Tanzania","English","CG200 motorcycle engine for work motorcycle","CG200 motorcycle engine for work motorcycle","CG200摩托车发动机","CG200 air-cooled","work motorcycle","Complete engine research","B2B/unknown","Commercial research","Medium","PROXY DATA","Marketplace/channel and local terminology proxy; no volume/CPC","","Unknown","Google Search","Phrase","TZ | CG125/150/200 Engine | Search","/en/tanzania/","Retained","NOT APPROVED","No","No","None","P4-TZ-01,P4-TZ-02","Observed/machine review required"
"Tanzania","English","CG200 motorcycle engine Tanzania","CG200 motorcycle engine Tanzania","CG200摩托车发动机","CG200 air-cooled","work motorcycle","Complete engine research","B2B/unknown","Commercial research","Medium","PROXY DATA","Marketplace/channel and local terminology proxy; no volume/CPC","","Unknown","Google Search","Phrase","TZ | CG125/150/200 Engine | Search","/en/tanzania/","Retained","NOT APPROVED","No","No","None","P4-TZ-01,P4-TZ-02","Observed/machine review required"
"Tanzania","English","CG200 motorcycle engine distributor","CG200 motorcycle engine distributor","CG200摩托车发动机","CG200 air-cooled","work motorcycle","Complete engine research","Research","Research","Medium","PROXY DATA","Marketplace/channel and local terminology proxy; no volume/CPC","","Unknown","Google Search","Phrase","TZ | CG125/150/200 Engine | Search","/en/tanzania/","Research only","NOT APPROVED","No","No","None","P4-TZ-01,P4-TZ-02","Observed/machine review required"
"Tanzania","English","CG200 motorcycle engine dealer","CG200 motorcycle engine dealer","CG200摩托车发动机","CG200 air-cooled","work motorcycle","Complete engine research","Research","Research","Medium","PROXY DATA","Marketplace/channel and local terminology proxy; no volume/CPC","","Unknown","Google Search","Phrase","TZ | CG125/150/200 Engine | Search","/en/tanzania/","Research only","NOT APPROVED","No","No","None","P4-TZ-01,P4-TZ-02","Observed/machine review required"
"Tanzania","English","CG200 motorcycle engine for cargo work","CG200 motorcycle engine for cargo work","CG200摩托车发动机","CG200 air-cooled","work motorcycle","Complete engine research","Research","Research","Medium","PROXY DATA","Marketplace/channel and local terminology proxy; no volume/CPC","","Unknown","Google Search","Phrase","TZ | CG125/150/200 Engine | Search","/en/tanzania/","Raw candidate","NOT APPROVED","No","No","None","P4-TZ-01,P4-TZ-02","Observed/machine review required"
"Tanzania","English","CG200 motorcycle engine importer","CG200 motorcycle engine importer","CG200摩托车发动机","CG200 air-cooled","work motorcycle","Complete engine research","Research","Research","Medium","PROXY DATA","Marketplace/channel and local terminology proxy; no volume/CPC","","Unknown","Google Search","Phrase","TZ | CG125/150/200 Engine | Search","/en/tanzania/","Raw candidate","NOT APPROVED","No","No","None","P4-TZ-01,P4-TZ-02","Observed/machine review required"
"Tanzania","English","CG200 motorcycle engine catalogue","CG200 motorcycle engine catalogue","CG200摩托车发动机","CG200 air-cooled","work motorcycle","Complete engine research","Research","Research","Medium","PROXY DATA","Marketplace/channel and local terminology proxy; no volume/CPC","","Unknown","Google Search","Phrase","TZ | CG125/150/200 Engine | Search","/en/tanzania/","Raw candidate","NOT APPROVED","No","No","None","P4-TZ-01,P4-TZ-02","Observed/machine review required"
"Tanzania","English","Chinese motorcycle engine","Chinese motorcycle engine","中国摩托车发动机","CG150 air-cooled","work motorcycle","Supplier research","B2B/unknown","Commercial research","Medium","PROXY DATA","Marketplace/channel and local terminology proxy; no volume/CPC","","Unknown","Google Search","Phrase","TZ | Chinese CG Work Motorcycle | Search","/en/tanzania/","Retained","NOT APPROVED","No","No","None","P4-TZ-01","Observed/machine review required"
"Tanzania","English","Chinese motorcycle engine wholesale","Chinese motorcycle engine wholesale","中国摩托车发动机","CG150 air-cooled","work motorcycle","Supplier research","B2B/unknown","Commercial research","Medium","PROXY DATA","Marketplace/channel and local terminology proxy; no volume/CPC","","Unknown","Google Search","Phrase","TZ | Chinese CG Work Motorcycle | Search","/en/tanzania/","Retained","NOT APPROVED","No","No","None","P4-TZ-01","Observed/machine review required"
"Tanzania","English","Chinese motorcycle engine supplier","Chinese motorcycle engine supplier","中国摩托车发动机","CG150 air-cooled","work motorcycle","Supplier research","B2B/unknown","Commercial research","Medium","PROXY DATA","Marketplace/channel and local terminology proxy; no volume/CPC","","Unknown","Google Search","Phrase","TZ | Chinese CG Work Motorcycle | Search","/en/tanzania/","Retained","NOT APPROVED","No","No","None","P4-TZ-01","Observed/machine review required"
"Tanzania","English","Chinese motorcycle engine for work motorcycle","Chinese motorcycle engine for work motorcycle","中国摩托车发动机","CG150 air-cooled","work motorcycle","Supplier research","B2B/unknown","Commercial research","Medium","PROXY DATA","Marketplace/channel and local terminology proxy; no volume/CPC","","Unknown","Google Search","Phrase","TZ | Chinese CG Work Motorcycle | Search","/en/tanzania/","Retained","NOT APPROVED","No","No","None","P4-TZ-01","Observed/machine review required"
"Tanzania","English","Chinese motorcycle engine Tanzania","Chinese motorcycle engine Tanzania","中国摩托车发动机","CG150 air-cooled","work motorcycle","Supplier research","B2B/unknown","Commercial research","Medium","PROXY DATA","Marketplace/channel and local terminology proxy; no volume/CPC","","Unknown","Google Search","Phrase","TZ | Chinese CG Work Motorcycle | Search","/en/tanzania/","Retained","NOT APPROVED","No","No","None","P4-TZ-01","Observed/machine review required"
"Tanzania","English","Chinese motorcycle engine distributor","Chinese motorcycle engine distributor","中国摩托车发动机","CG150 air-cooled","work motorcycle","Supplier research","Research","Research","Medium","PROXY DATA","Marketplace/channel and local terminology proxy; no volume/CPC","","Unknown","Google Search","Phrase","TZ | Chinese CG Work Motorcycle | Search","/en/tanzania/","Research only","NOT APPROVED","No","No","None","P4-TZ-01","Observed/machine review required"
"Tanzania","English","Chinese motorcycle engine dealer","Chinese motorcycle engine dealer","中国摩托车发动机","CG150 air-cooled","work motorcycle","Supplier research","Research","Research","Medium","PROXY DATA","Marketplace/channel and local terminology proxy; no volume/CPC","","Unknown","Google Search","Phrase","TZ | Chinese CG Work Motorcycle | Search","/en/tanzania/","Research only","NOT APPROVED","No","No","None","P4-TZ-01","Observed/machine review required"
"Tanzania","English","Chinese motorcycle engine for cargo work","Chinese motorcycle engine for cargo work","中国摩托车发动机","CG150 air-cooled","work motorcycle","Supplier research","Research","Research","Medium","PROXY DATA","Marketplace/channel and local terminology proxy; no volume/CPC","","Unknown","Google Search","Phrase","TZ | Chinese CG Work Motorcycle | Search","/en/tanzania/","Raw candidate","NOT APPROVED","No","No","None","P4-TZ-01","Observed/machine review required"
"Tanzania","English","Chinese motorcycle engine importer","Chinese motorcycle engine importer","中国摩托车发动机","CG150 air-cooled","work motorcycle","Supplier research","Research","Research","Medium","PROXY DATA","Marketplace/channel and local terminology proxy; no volume/CPC","","Unknown","Google Search","Phrase","TZ | Chinese CG Work Motorcycle | Search","/en/tanzania/","Raw candidate","NOT APPROVED","No","No","None","P4-TZ-01","Observed/machine review required"
"Tanzania","English","Chinese motorcycle engine catalogue","Chinese motorcycle engine catalogue","中国摩托车发动机","CG150 air-cooled","work motorcycle","Supplier research","Research","Research","Medium","PROXY DATA","Marketplace/channel and local terminology proxy; no volume/CPC","","Unknown","Google Search","Phrase","TZ | Chinese CG Work Motorcycle | Search","/en/tanzania/","Raw candidate","NOT APPROVED","No","No","None","P4-TZ-01","Observed/machine review required"
"Tanzania","English","cargo tricycle engine","cargo tricycle engine","货运三轮车发动机","CG150-250 water-cooled cargo","cargo tricycle","Research only","B2B/unknown","Commercial research","Medium","PROXY DATA","Marketplace/channel and local terminology proxy; no volume/CPC","","Unknown","Google Search","Phrase","TZ | Cargo Tricycle Engine | Search","/en/tanzania/","Retained","NOT APPROVED","No","No","None","P4-TZ-04","Observed/machine review required"
"Tanzania","English","cargo tricycle engine wholesale","cargo tricycle engine wholesale","货运三轮车发动机","CG150-250 water-cooled cargo","cargo tricycle","Research only","B2B/unknown","Commercial research","Medium","PROXY DATA","Marketplace/channel and local terminology proxy; no volume/CPC","","Unknown","Google Search","Phrase","TZ | Cargo Tricycle Engine | Search","/en/tanzania/","Retained","NOT APPROVED","No","No","None","P4-TZ-04","Observed/machine review required"
"Tanzania","English","cargo tricycle engine supplier","cargo tricycle engine supplier","货运三轮车发动机","CG150-250 water-cooled cargo","cargo tricycle","Research only","B2B/unknown","Commercial research","Medium","PROXY DATA","Marketplace/channel and local terminology proxy; no volume/CPC","","Unknown","Google Search","Phrase","TZ | Cargo Tricycle Engine | Search","/en/tanzania/","Retained","NOT APPROVED","No","No","None","P4-TZ-04","Observed/machine review required"
"Tanzania","English","cargo tricycle engine for work motorcycle","cargo tricycle engine for work motorcycle","货运三轮车发动机","CG150-250 water-cooled cargo","cargo tricycle","Research only","B2B/unknown","Commercial research","Medium","PROXY DATA","Marketplace/channel and local terminology proxy; no volume/CPC","","Unknown","Google Search","Phrase","TZ | Cargo Tricycle Engine | Search","/en/tanzania/","Retained","NOT APPROVED","No","No","None","P4-TZ-04","Observed/machine review required"
"Tanzania","English","cargo tricycle engine Tanzania","cargo tricycle engine Tanzania","货运三轮车发动机","CG150-250 water-cooled cargo","cargo tricycle","Research only","B2B/unknown","Commercial research","Medium","PROXY DATA","Marketplace/channel and local terminology proxy; no volume/CPC","","Unknown","Google Search","Phrase","TZ | Cargo Tricycle Engine | Search","/en/tanzania/","Retained","NOT APPROVED","No","No","None","P4-TZ-04","Observed/machine review required"
"Tanzania","English","cargo tricycle engine distributor","cargo tricycle engine distributor","货运三轮车发动机","CG150-250 water-cooled cargo","cargo tricycle","Research only","Research","Research","Medium","PROXY DATA","Marketplace/channel and local terminology proxy; no volume/CPC","","Unknown","Google Search","Phrase","TZ | Cargo Tricycle Engine | Search","/en/tanzania/","Research only","NOT APPROVED","No","No","None","P4-TZ-04","Observed/machine review required"
"Tanzania","English","cargo tricycle engine dealer","cargo tricycle engine dealer","货运三轮车发动机","CG150-250 water-cooled cargo","cargo tricycle","Research only","Research","Research","Medium","PROXY DATA","Marketplace/channel and local terminology proxy; no volume/CPC","","Unknown","Google Search","Phrase","TZ | Cargo Tricycle Engine | Search","/en/tanzania/","Research only","NOT APPROVED","No","No","None","P4-TZ-04","Observed/machine review required"
"Tanzania","English","cargo tricycle engine for cargo work","cargo tricycle engine for cargo work","货运三轮车发动机","CG150-250 water-cooled cargo","cargo tricycle","Research only","Research","Research","Medium","PROXY DATA","Marketplace/channel and local terminology proxy; no volume/CPC","","Unknown","Google Search","Phrase","TZ | Cargo Tricycle Engine | Search","/en/tanzania/","Raw candidate","NOT APPROVED","No","No","None","P4-TZ-04","Observed/machine review required"
"Tanzania","English","cargo tricycle engine importer","cargo tricycle engine importer","货运三轮车发动机","CG150-250 water-cooled cargo","cargo tricycle","Research only","Research","Research","Medium","PROXY DATA","Marketplace/channel and local terminology proxy; no volume/CPC","","Unknown","Google Search","Phrase","TZ | Cargo Tricycle Engine | Search","/en/tanzania/","Raw candidate","NOT APPROVED","No","No","None","P4-TZ-04","Observed/machine review required"
"Tanzania","English","cargo tricycle engine catalogue","cargo tricycle engine catalogue","货运三轮车发动机","CG150-250 water-cooled cargo","cargo tricycle","Research only","Research","Research","Medium","PROXY DATA","Marketplace/channel and local terminology proxy; no volume/CPC","","Unknown","Google Search","Phrase","TZ | Cargo Tricycle Engine | Search","/en/tanzania/","Raw candidate","NOT APPROVED","No","No","None","P4-TZ-04","Observed/machine review required"
"Tanzania","English","water cooled tricycle engine","water cooled tricycle engine","水冷三轮车发动机","CG150-250 water-cooled cargo","cargo tricycle","Research only","B2B/unknown","Commercial research","Medium","PROXY DATA","Marketplace/channel and local terminology proxy; no volume/CPC","","Unknown","Google Search","Phrase","TZ | Cargo Tricycle Engine | Search","/en/tanzania/","Retained","NOT APPROVED","No","No","None","P4-TZ-04","Observed/machine review required"
"Tanzania","English","water cooled tricycle engine wholesale","water cooled tricycle engine wholesale","水冷三轮车发动机","CG150-250 water-cooled cargo","cargo tricycle","Research only","B2B/unknown","Commercial research","Medium","PROXY DATA","Marketplace/channel and local terminology proxy; no volume/CPC","","Unknown","Google Search","Phrase","TZ | Cargo Tricycle Engine | Search","/en/tanzania/","Retained","NOT APPROVED","No","No","None","P4-TZ-04","Observed/machine review required"
"Tanzania","English","water cooled tricycle engine supplier","water cooled tricycle engine supplier","水冷三轮车发动机","CG150-250 water-cooled cargo","cargo tricycle","Research only","B2B/unknown","Commercial research","Medium","PROXY DATA","Marketplace/channel and local terminology proxy; no volume/CPC","","Unknown","Google Search","Phrase","TZ | Cargo Tricycle Engine | Search","/en/tanzania/","Retained","NOT APPROVED","No","No","None","P4-TZ-04","Observed/machine review required"
"Tanzania","English","water cooled tricycle engine for work motorcycle","water cooled tricycle engine for work motorcycle","水冷三轮车发动机","CG150-250 water-cooled cargo","cargo tricycle","Research only","B2B/unknown","Commercial research","Medium","PROXY DATA","Marketplace/channel and local terminology proxy; no volume/CPC","","Unknown","Google Search","Phrase","TZ | Cargo Tricycle Engine | Search","/en/tanzania/","Retained","NOT APPROVED","No","No","None","P4-TZ-04","Observed/machine review required"
"Tanzania","English","water cooled tricycle engine Tanzania","water cooled tricycle engine Tanzania","水冷三轮车发动机","CG150-250 water-cooled cargo","cargo tricycle","Research only","B2B/unknown","Commercial research","Medium","PROXY DATA","Marketplace/channel and local terminology proxy; no volume/CPC","","Unknown","Google Search","Phrase","TZ | Cargo Tricycle Engine | Search","/en/tanzania/","Retained","NOT APPROVED","No","No","None","P4-TZ-04","Observed/machine review required"
"Tanzania","English","water cooled tricycle engine distributor","water cooled tricycle engine distributor","水冷三轮车发动机","CG150-250 water-cooled cargo","cargo tricycle","Research only","Research","Research","Medium","PROXY DATA","Marketplace/channel and local terminology proxy; no volume/CPC","","Unknown","Google Search","Phrase","TZ | Cargo Tricycle Engine | Search","/en/tanzania/","Research only","NOT APPROVED","No","No","None","P4-TZ-04","Observed/machine review required"
"Tanzania","English","water cooled tricycle engine dealer","water cooled tricycle engine dealer","水冷三轮车发动机","CG150-250 water-cooled cargo","cargo tricycle","Research only","Research","Research","Medium","PROXY DATA","Marketplace/channel and local terminology proxy; no volume/CPC","","Unknown","Google Search","Phrase","TZ | Cargo Tricycle Engine | Search","/en/tanzania/","Research only","NOT APPROVED","No","No","None","P4-TZ-04","Observed/machine review required"
"Tanzania","English","water cooled tricycle engine for cargo work","water cooled tricycle engine for cargo work","水冷三轮车发动机","CG150-250 water-cooled cargo","cargo tricycle","Research only","Research","Research","Medium","PROXY DATA","Marketplace/channel and local terminology proxy; no volume/CPC","","Unknown","Google Search","Phrase","TZ | Cargo Tricycle Engine | Search","/en/tanzania/","Raw candidate","NOT APPROVED","No","No","None","P4-TZ-04","Observed/machine review required"
"Tanzania","English","water cooled tricycle engine importer","water cooled tricycle engine importer","水冷三轮车发动机","CG150-250 water-cooled cargo","cargo tricycle","Research only","Research","Research","Medium","PROXY DATA","Marketplace/channel and local terminology proxy; no volume/CPC","","Unknown","Google Search","Phrase","TZ | Cargo Tricycle Engine | Search","/en/tanzania/","Raw candidate","NOT APPROVED","No","No","None","P4-TZ-04","Observed/machine review required"
"Tanzania","English","water cooled tricycle engine catalogue","water cooled tricycle engine catalogue","水冷三轮车发动机","CG150-250 water-cooled cargo","cargo tricycle","Research only","Research","Research","Medium","PROXY DATA","Marketplace/channel and local terminology proxy; no volume/CPC","","Unknown","Google Search","Phrase","TZ | Cargo Tricycle Engine | Search","/en/tanzania/","Raw candidate","NOT APPROVED","No","No","None","P4-TZ-04","Observed/machine review required"
"Tanzania","English","motorcycle spare parts wholesale","motorcycle spare parts wholesale","摩托车零件批发","Engine parts / spares pack","after-sales","Parts","B2B/unknown","Commercial research","Medium","PROXY DATA","Marketplace/channel and local terminology proxy; no volume/CPC","","Unknown","Google Search","Phrase","TZ | Parts Wholesale | Search/SEO","/en/tanzania/","Retained","NOT APPROVED","No","No","None","P4-TZ-01,P4-TZ-02,P4-TZ-05","Observed/machine review required"
"Tanzania","English","motorcycle spare parts wholesale wholesale","motorcycle spare parts wholesale wholesale","摩托车零件批发","Engine parts / spares pack","after-sales","Parts","B2B/unknown","Commercial research","Medium","PROXY DATA","Marketplace/channel and local terminology proxy; no volume/CPC","","Unknown","Google Search","Phrase","TZ | Parts Wholesale | Search/SEO","/en/tanzania/","Retained","NOT APPROVED","No","No","None","P4-TZ-01,P4-TZ-02,P4-TZ-05","Observed/machine review required"
"Tanzania","English","motorcycle spare parts wholesale supplier","motorcycle spare parts wholesale supplier","摩托车零件批发","Engine parts / spares pack","after-sales","Parts","B2B/unknown","Commercial research","Medium","PROXY DATA","Marketplace/channel and local terminology proxy; no volume/CPC","","Unknown","Google Search","Phrase","TZ | Parts Wholesale | Search/SEO","/en/tanzania/","Retained","NOT APPROVED","No","No","None","P4-TZ-01,P4-TZ-02,P4-TZ-05","Observed/machine review required"
"Tanzania","English","motorcycle spare parts wholesale for work motorcycle","motorcycle spare parts wholesale for work motorcycle","摩托车零件批发","Engine parts / spares pack","after-sales","Parts","B2B/unknown","Commercial research","Medium","PROXY DATA","Marketplace/channel and local terminology proxy; no volume/CPC","","Unknown","Google Search","Phrase","TZ | Parts Wholesale | Search/SEO","/en/tanzania/","Retained","NOT APPROVED","No","No","None","P4-TZ-01,P4-TZ-02,P4-TZ-05","Observed/machine review required"
"Tanzania","English","motorcycle spare parts wholesale Tanzania","motorcycle spare parts wholesale Tanzania","摩托车零件批发","Engine parts / spares pack","after-sales","Parts","B2B/unknown","Commercial research","Medium","PROXY DATA","Marketplace/channel and local terminology proxy; no volume/CPC","","Unknown","Google Search","Phrase","TZ | Parts Wholesale | Search/SEO","/en/tanzania/","Retained","NOT APPROVED","No","No","None","P4-TZ-01,P4-TZ-02,P4-TZ-05","Observed/machine review required"
"Tanzania","English","motorcycle spare parts wholesale distributor","motorcycle spare parts wholesale distributor","摩托车零件批发","Engine parts / spares pack","after-sales","Parts","Research","Research","Medium","PROXY DATA","Marketplace/channel and local terminology proxy; no volume/CPC","","Unknown","Google Search","Phrase","TZ | Parts Wholesale | Search/SEO","/en/tanzania/","Research only","NOT APPROVED","No","No","None","P4-TZ-01,P4-TZ-02,P4-TZ-05","Observed/machine review required"
"Tanzania","English","motorcycle spare parts wholesale dealer","motorcycle spare parts wholesale dealer","摩托车零件批发","Engine parts / spares pack","after-sales","Parts","Research","Research","Medium","PROXY DATA","Marketplace/channel and local terminology proxy; no volume/CPC","","Unknown","Google Search","Phrase","TZ | Parts Wholesale | Search/SEO","/en/tanzania/","Research only","NOT APPROVED","No","No","None","P4-TZ-01,P4-TZ-02,P4-TZ-05","Observed/machine review required"
"Tanzania","English","motorcycle spare parts wholesale for cargo work","motorcycle spare parts wholesale for cargo work","摩托车零件批发","Engine parts / spares pack","after-sales","Parts","Research","Research","Medium","PROXY DATA","Marketplace/channel and local terminology proxy; no volume/CPC","","Unknown","Google Search","Phrase","TZ | Parts Wholesale | Search/SEO","/en/tanzania/","Raw candidate","NOT APPROVED","No","No","None","P4-TZ-01,P4-TZ-02,P4-TZ-05","Observed/machine review required"
"Tanzania","English","motorcycle spare parts wholesale importer","motorcycle spare parts wholesale importer","摩托车零件批发","Engine parts / spares pack","after-sales","Parts","Research","Research","Medium","PROXY DATA","Marketplace/channel and local terminology proxy; no volume/CPC","","Unknown","Google Search","Phrase","TZ | Parts Wholesale | Search/SEO","/en/tanzania/","Raw candidate","NOT APPROVED","No","No","None","P4-TZ-01,P4-TZ-02,P4-TZ-05","Observed/machine review required"
"Tanzania","English","motorcycle spare parts wholesale catalogue","motorcycle spare parts wholesale catalogue","摩托车零件批发","Engine parts / spares pack","after-sales","Parts","Research","Research","Medium","PROXY DATA","Marketplace/channel and local terminology proxy; no volume/CPC","","Unknown","Google Search","Phrase","TZ | Parts Wholesale | Search/SEO","/en/tanzania/","Raw candidate","NOT APPROVED","No","No","None","P4-TZ-01,P4-TZ-02,P4-TZ-05","Observed/machine review required"
"Tanzania","English","engine supplier Tanzania","engine supplier Tanzania","坦桑尼亚发动机供应商","CG150 air-cooled","B2B","Supplier research","B2B/unknown","Commercial research","Medium","PROXY DATA","Marketplace/channel and local terminology proxy; no volume/CPC","","Unknown","Google Search","Phrase","TZ | Chinese CG Work Motorcycle | Search","/en/tanzania/","Retained","NOT APPROVED","No","No","None","P4-TZ-01,P4-TZ-03","Observed/machine review required"
"Tanzania","English","engine supplier Tanzania wholesale","engine supplier Tanzania wholesale","坦桑尼亚发动机供应商","CG150 air-cooled","B2B","Supplier research","B2B/unknown","Commercial research","Medium","PROXY DATA","Marketplace/channel and local terminology proxy; no volume/CPC","","Unknown","Google Search","Phrase","TZ | Chinese CG Work Motorcycle | Search","/en/tanzania/","Retained","NOT APPROVED","No","No","None","P4-TZ-01,P4-TZ-03","Observed/machine review required"
"Tanzania","English","engine supplier Tanzania supplier","engine supplier Tanzania supplier","坦桑尼亚发动机供应商","CG150 air-cooled","B2B","Supplier research","B2B/unknown","Commercial research","Medium","PROXY DATA","Marketplace/channel and local terminology proxy; no volume/CPC","","Unknown","Google Search","Phrase","TZ | Chinese CG Work Motorcycle | Search","/en/tanzania/","Retained","NOT APPROVED","No","No","None","P4-TZ-01,P4-TZ-03","Observed/machine review required"
"Tanzania","English","engine supplier Tanzania for work motorcycle","engine supplier Tanzania for work motorcycle","坦桑尼亚发动机供应商","CG150 air-cooled","B2B","Supplier research","B2B/unknown","Commercial research","Medium","PROXY DATA","Marketplace/channel and local terminology proxy; no volume/CPC","","Unknown","Google Search","Phrase","TZ | Chinese CG Work Motorcycle | Search","/en/tanzania/","Retained","NOT APPROVED","No","No","None","P4-TZ-01,P4-TZ-03","Observed/machine review required"
"Tanzania","English","engine supplier Tanzania Tanzania","engine supplier Tanzania Tanzania","坦桑尼亚发动机供应商","CG150 air-cooled","B2B","Supplier research","B2B/unknown","Commercial research","Medium","PROXY DATA","Marketplace/channel and local terminology proxy; no volume/CPC","","Unknown","Google Search","Phrase","TZ | Chinese CG Work Motorcycle | Search","/en/tanzania/","Retained","NOT APPROVED","No","No","None","P4-TZ-01,P4-TZ-03","Observed/machine review required"
"Tanzania","English","engine supplier Tanzania distributor","engine supplier Tanzania distributor","坦桑尼亚发动机供应商","CG150 air-cooled","B2B","Supplier research","Research","Research","Medium","PROXY DATA","Marketplace/channel and local terminology proxy; no volume/CPC","","Unknown","Google Search","Phrase","TZ | Chinese CG Work Motorcycle | Search","/en/tanzania/","Research only","NOT APPROVED","No","No","None","P4-TZ-01,P4-TZ-03","Observed/machine review required"
"Tanzania","English","engine supplier Tanzania dealer","engine supplier Tanzania dealer","坦桑尼亚发动机供应商","CG150 air-cooled","B2B","Supplier research","Research","Research","Medium","PROXY DATA","Marketplace/channel and local terminology proxy; no volume/CPC","","Unknown","Google Search","Phrase","TZ | Chinese CG Work Motorcycle | Search","/en/tanzania/","Research only","NOT APPROVED","No","No","None","P4-TZ-01,P4-TZ-03","Observed/machine review required"
"Tanzania","English","engine supplier Tanzania for cargo work","engine supplier Tanzania for cargo work","坦桑尼亚发动机供应商","CG150 air-cooled","B2B","Supplier research","Research","Research","Medium","PROXY DATA","Marketplace/channel and local terminology proxy; no volume/CPC","","Unknown","Google Search","Phrase","TZ | Chinese CG Work Motorcycle | Search","/en/tanzania/","Raw candidate","NOT APPROVED","No","No","None","P4-TZ-01,P4-TZ-03","Observed/machine review required"
"Tanzania","English","engine supplier Tanzania importer","engine supplier Tanzania importer","坦桑尼亚发动机供应商","CG150 air-cooled","B2B","Supplier research","Research","Research","Medium","PROXY DATA","Marketplace/channel and local terminology proxy; no volume/CPC","","Unknown","Google Search","Phrase","TZ | Chinese CG Work Motorcycle | Search","/en/tanzania/","Raw candidate","NOT APPROVED","No","No","None","P4-TZ-01,P4-TZ-03","Observed/machine review required"
"Tanzania","English","engine supplier Tanzania catalogue","engine supplier Tanzania catalogue","坦桑尼亚发动机供应商","CG150 air-cooled","B2B","Supplier research","Research","Research","Medium","PROXY DATA","Marketplace/channel and local terminology proxy; no volume/CPC","","Unknown","Google Search","Phrase","TZ | Chinese CG Work Motorcycle | Search","/en/tanzania/","Raw candidate","NOT APPROVED","No","No","None","P4-TZ-01,P4-TZ-03","Observed/machine review required"
"Tanzania","English","boda boda engine","boda boda engine","摩托车出租发动机","CG125 air-cooled","boda boda","Research only","B2B/unknown","Commercial research","Medium","PROXY DATA","Marketplace/channel and local terminology proxy; no volume/CPC","","Unknown","Google Search","Phrase","TZ | CG125/150/200 Engine | Search","/en/tanzania/","Retained","NOT APPROVED","No","No","None","P4-TZ-01","Observed/machine review required"
"Tanzania","English","boda boda engine wholesale","boda boda engine wholesale","摩托车出租发动机","CG125 air-cooled","boda boda","Research only","B2B/unknown","Commercial research","Medium","PROXY DATA","Marketplace/channel and local terminology proxy; no volume/CPC","","Unknown","Google Search","Phrase","TZ | CG125/150/200 Engine | Search","/en/tanzania/","Retained","NOT APPROVED","No","No","None","P4-TZ-01","Observed/machine review required"
"Tanzania","English","boda boda engine supplier","boda boda engine supplier","摩托车出租发动机","CG125 air-cooled","boda boda","Research only","B2B/unknown","Commercial research","Medium","PROXY DATA","Marketplace/channel and local terminology proxy; no volume/CPC","","Unknown","Google Search","Phrase","TZ | CG125/150/200 Engine | Search","/en/tanzania/","Retained","NOT APPROVED","No","No","None","P4-TZ-01","Observed/machine review required"
"Tanzania","English","boda boda engine for work motorcycle","boda boda engine for work motorcycle","摩托车出租发动机","CG125 air-cooled","boda boda","Research only","B2B/unknown","Commercial research","Medium","PROXY DATA","Marketplace/channel and local terminology proxy; no volume/CPC","","Unknown","Google Search","Phrase","TZ | CG125/150/200 Engine | Search","/en/tanzania/","Retained","NOT APPROVED","No","No","None","P4-TZ-01","Observed/machine review required"
"Tanzania","English","boda boda engine Tanzania","boda boda engine Tanzania","摩托车出租发动机","CG125 air-cooled","boda boda","Research only","B2B/unknown","Commercial research","Medium","PROXY DATA","Marketplace/channel and local terminology proxy; no volume/CPC","","Unknown","Google Search","Phrase","TZ | CG125/150/200 Engine | Search","/en/tanzania/","Retained","NOT APPROVED","No","No","None","P4-TZ-01","Observed/machine review required"
"Tanzania","English","boda boda engine distributor","boda boda engine distributor","摩托车出租发动机","CG125 air-cooled","boda boda","Research only","Research","Research","Medium","PROXY DATA","Marketplace/channel and local terminology proxy; no volume/CPC","","Unknown","Google Search","Phrase","TZ | CG125/150/200 Engine | Search","/en/tanzania/","Research only","NOT APPROVED","No","No","None","P4-TZ-01","Observed/machine review required"
"Tanzania","English","boda boda engine dealer","boda boda engine dealer","摩托车出租发动机","CG125 air-cooled","boda boda","Research only","Research","Research","Medium","PROXY DATA","Marketplace/channel and local terminology proxy; no volume/CPC","","Unknown","Google Search","Phrase","TZ | CG125/150/200 Engine | Search","/en/tanzania/","Research only","NOT APPROVED","No","No","None","P4-TZ-01","Observed/machine review required"
"Tanzania","English","boda boda engine for cargo work","boda boda engine for cargo work","摩托车出租发动机","CG125 air-cooled","boda boda","Research only","Research","Research","Medium","PROXY DATA","Marketplace/channel and local terminology proxy; no volume/CPC","","Unknown","Google Search","Phrase","TZ | CG125/150/200 Engine | Search","/en/tanzania/","Raw candidate","NOT APPROVED","No","No","None","P4-TZ-01","Observed/machine review required"
"Tanzania","English","boda boda engine importer","boda boda engine importer","摩托车出租发动机","CG125 air-cooled","boda boda","Research only","Research","Research","Medium","PROXY DATA","Marketplace/channel and local terminology proxy; no volume/CPC","","Unknown","Google Search","Phrase","TZ | CG125/150/200 Engine | Search","/en/tanzania/","Raw candidate","NOT APPROVED","No","No","None","P4-TZ-01","Observed/machine review required"
"Tanzania","English","boda boda engine catalogue","boda boda engine catalogue","摩托车出租发动机","CG125 air-cooled","boda boda","Research only","Research","Research","Medium","PROXY DATA","Marketplace/channel and local terminology proxy; no volume/CPC","","Unknown","Google Search","Phrase","TZ | CG125/150/200 Engine | Search","/en/tanzania/","Raw candidate","NOT APPROVED","No","No","None","P4-TZ-01","Observed/machine review required"
"Tanzania","English","Lifan tricycle engine","Lifan tricycle engine","力帆三轮车发动机","CG150 air-cooled","tricycle","Competitor research","B2B/unknown","Commercial research","Medium","PROXY DATA","Marketplace/channel and local terminology proxy; no volume/CPC","","Unknown","Google Search","Phrase","TZ | Cargo Tricycle Engine | Search","/en/tanzania/","Retained","NOT APPROVED","No","Yes","Trademark review required","P4-TZ-02","Observed/machine review required"
"Tanzania","English","Lifan tricycle engine wholesale","Lifan tricycle engine wholesale","力帆三轮车发动机","CG150 air-cooled","tricycle","Competitor research","B2B/unknown","Commercial research","Medium","PROXY DATA","Marketplace/channel and local terminology proxy; no volume/CPC","","Unknown","Google Search","Phrase","TZ | Cargo Tricycle Engine | Search","/en/tanzania/","Retained","NOT APPROVED","No","Yes","Trademark review required","P4-TZ-02","Observed/machine review required"
"Tanzania","English","Lifan tricycle engine supplier","Lifan tricycle engine supplier","力帆三轮车发动机","CG150 air-cooled","tricycle","Competitor research","B2B/unknown","Commercial research","Medium","PROXY DATA","Marketplace/channel and local terminology proxy; no volume/CPC","","Unknown","Google Search","Phrase","TZ | Cargo Tricycle Engine | Search","/en/tanzania/","Retained","NOT APPROVED","No","Yes","Trademark review required","P4-TZ-02","Observed/machine review required"
"Tanzania","English","Lifan tricycle engine for work motorcycle","Lifan tricycle engine for work motorcycle","力帆三轮车发动机","CG150 air-cooled","tricycle","Competitor research","B2B/unknown","Commercial research","Medium","PROXY DATA","Marketplace/channel and local terminology proxy; no volume/CPC","","Unknown","Google Search","Phrase","TZ | Cargo Tricycle Engine | Search","/en/tanzania/","Retained","NOT APPROVED","No","Yes","Trademark review required","P4-TZ-02","Observed/machine review required"
"Tanzania","English","Lifan tricycle engine Tanzania","Lifan tricycle engine Tanzania","力帆三轮车发动机","CG150 air-cooled","tricycle","Competitor research","B2B/unknown","Commercial research","Medium","PROXY DATA","Marketplace/channel and local terminology proxy; no volume/CPC","","Unknown","Google Search","Phrase","TZ | Cargo Tricycle Engine | Search","/en/tanzania/","Retained","NOT APPROVED","No","Yes","Trademark review required","P4-TZ-02","Observed/machine review required"
"Tanzania","English","Lifan tricycle engine distributor","Lifan tricycle engine distributor","力帆三轮车发动机","CG150 air-cooled","tricycle","Competitor research","Research","Research","Medium","PROXY DATA","Marketplace/channel and local terminology proxy; no volume/CPC","","Unknown","Google Search","Phrase","TZ | Cargo Tricycle Engine | Search","/en/tanzania/","Research only","NOT APPROVED","No","Yes","Trademark review required","P4-TZ-02","Observed/machine review required"
"Tanzania","English","Lifan tricycle engine dealer","Lifan tricycle engine dealer","力帆三轮车发动机","CG150 air-cooled","tricycle","Competitor research","Research","Research","Medium","PROXY DATA","Marketplace/channel and local terminology proxy; no volume/CPC","","Unknown","Google Search","Phrase","TZ | Cargo Tricycle Engine | Search","/en/tanzania/","Research only","NOT APPROVED","No","Yes","Trademark review required","P4-TZ-02","Observed/machine review required"
"Tanzania","English","Lifan tricycle engine for cargo work","Lifan tricycle engine for cargo work","力帆三轮车发动机","CG150 air-cooled","tricycle","Competitor research","Research","Research","Medium","PROXY DATA","Marketplace/channel and local terminology proxy; no volume/CPC","","Unknown","Google Search","Phrase","TZ | Cargo Tricycle Engine | Search","/en/tanzania/","Raw candidate","NOT APPROVED","No","Yes","Trademark review required","P4-TZ-02","Observed/machine review required"
"Tanzania","English","Lifan tricycle engine importer","Lifan tricycle engine importer","力帆三轮车发动机","CG150 air-cooled","tricycle","Competitor research","Research","Research","Medium","PROXY DATA","Marketplace/channel and local terminology proxy; no volume/CPC","","Unknown","Google Search","Phrase","TZ | Cargo Tricycle Engine | Search","/en/tanzania/","Raw candidate","NOT APPROVED","No","Yes","Trademark review required","P4-TZ-02","Observed/machine review required"
"Tanzania","English","Lifan tricycle engine catalogue","Lifan tricycle engine catalogue","力帆三轮车发动机","CG150 air-cooled","tricycle","Competitor research","Research","Research","Medium","PROXY DATA","Marketplace/channel and local terminology proxy; no volume/CPC","","Unknown","Google Search","Phrase","TZ | Cargo Tricycle Engine | Search","/en/tanzania/","Raw candidate","NOT APPROVED","No","Yes","Trademark review required","P4-TZ-02","Observed/machine review required"
"Tanzania","Swahili","injini ya pikipiki CG125","injini ya pikipiki CG125","CG125摩托车发动机","CG125 air-cooled","work motorcycle","Complete engine research","Research","Research","Unknown","PROXY DATA","Unreviewed Swahili seed; country/channel proxy only; no volume/CPC","","Unknown","Google Search","Phrase","TZ | CG125/150/200 Engine | Search","/en/tanzania/","Research only","NOT APPROVED","No","No","None","P4-TZ-01","Native review required"
"Tanzania","Swahili","injini ya pikipiki CG150","injini ya pikipiki CG150","CG150摩托车发动机","CG150 air-cooled","work motorcycle","Complete engine research","Research","Research","Unknown","PROXY DATA","Unreviewed Swahili seed; country/channel proxy only; no volume/CPC","","Unknown","Google Search","Phrase","TZ | CG125/150/200 Engine | Search","/en/tanzania/","Research only","NOT APPROVED","No","No","None","P4-TZ-01,P4-TZ-02","Native review required"
"Tanzania","Swahili","injini ya pikipiki CG200","injini ya pikipiki CG200","CG200摩托车发动机","CG200 air-cooled","work motorcycle","Complete engine research","Research","Research","Unknown","PROXY DATA","Unreviewed Swahili seed; country/channel proxy only; no volume/CPC","","Unknown","Google Search","Phrase","TZ | CG125/150/200 Engine | Search","/en/tanzania/","Research only","NOT APPROVED","No","No","None","P4-TZ-01,P4-TZ-02","Native review required"
"Tanzania","Swahili","injini kamili ya pikipiki","injini kamili ya pikipiki","完整摩托车发动机","CG150 air-cooled","work motorcycle","Complete engine research","Research","Research","Unknown","PROXY DATA","Unreviewed Swahili seed; country/channel proxy only; no volume/CPC","","Unknown","Google Search","Phrase","TZ | CG125/150/200 Engine | Search","/en/tanzania/","Research only","NOT APPROVED","No","No","None","P4-TZ-01","Native review required"
"Tanzania","Swahili","injini ya pikipiki ya Kichina","injini ya pikipiki ya Kichina","中国摩托车发动机","CG150 air-cooled","work motorcycle","Supplier research","Research","Research","Unknown","PROXY DATA","Unreviewed Swahili seed; country/channel proxy only; no volume/CPC","","Unknown","Google Search","Phrase","TZ | Chinese CG Work Motorcycle | Search","/en/tanzania/","Research only","NOT APPROVED","No","No","None","P4-TZ-01","Native review required"
"Tanzania","Swahili","injini ya pikipiki kwa jumla","injini ya pikipiki kwa jumla","摩托车发动机批发","CG150 air-cooled","B2B","Wholesale research","Research","Research","Unknown","PROXY DATA","Unreviewed Swahili seed; country/channel proxy only; no volume/CPC","","Unknown","Google Search","Phrase","TZ | Chinese CG Work Motorcycle | Search","/en/tanzania/","Research only","NOT APPROVED","No","No","None","P4-TZ-01","Native review required"
"Tanzania","Swahili","vipuri vya injini ya pikipiki","vipuri vya injini ya pikipiki","摩托车发动机零件","Engine parts / spares pack","after-sales","Parts","Research","Research","Unknown","PROXY DATA","Unreviewed Swahili seed; country/channel proxy only; no volume/CPC","","Unknown","Google Search","Phrase","TZ | Parts Wholesale | Search/SEO","/en/tanzania/","Research only","NOT APPROVED","No","No","None","P4-TZ-01,P4-TZ-02,P4-TZ-05","Native review required"
"Tanzania","Swahili","injini ya pikipiki ya kazi","injini ya pikipiki ya kazi","工作摩托车发动机","CG125 air-cooled","work motorcycle","Research only","Research","Research","Unknown","PROXY DATA","Unreviewed Swahili seed; country/channel proxy only; no volume/CPC","","Unknown","Google Search","Phrase","TZ | CG125/150/200 Engine | Search","/en/tanzania/","Research only","NOT APPROVED","No","No","None","P4-TZ-01","Native review required"
"Tanzania","Swahili","injini ya pikipiki ya mizigo","injini ya pikipiki ya mizigo","货运摩托车发动机","CG150-250 water-cooled cargo","cargo tricycle","Research only","Research","Research","Unknown","PROXY DATA","Unreviewed Swahili seed; country/channel proxy only; no volume/CPC","","Unknown","Google Search","Phrase","TZ | Cargo Tricycle Engine | Search","/en/tanzania/","Research only","NOT APPROVED","No","No","None","P4-TZ-04","Native review required"
"Tanzania","Swahili","msambazaji wa injini Tanzania","msambazaji wa injini Tanzania","坦桑尼亚发动机经销商","CG150 air-cooled","B2B","Supplier research","Research","Research","Unknown","PROXY DATA","Unreviewed Swahili seed; country/channel proxy only; no volume/CPC","","Unknown","Google Search","Phrase","TZ | Chinese CG Work Motorcycle | Search","/en/tanzania/","Research only","NOT APPROVED","No","No","None","P4-TZ-01,P4-TZ-03","Native review required"