"entity_id","entity_type","preferred_name","aliases","languages","parent_entity","applications","candidate_markets","evidence_status","evidence_visibility","evidence_sources","last_verified","owner_url","supporting_urls","mention_urls","current_index_status","commercial_value","entity_readiness","content_gaps","conflicts","recommended_action","decision_reason"
"org-chongqing-chixiang","ORGANIZATION","Chongqing Chixiang Motorcycle Manufacturing Co., Ltd.","重庆驰翔摩托车制造有限公司","en | es | pt | ru | ar","","","","VERIFIED","PUBLIC","https://chixiangmotor.com/en/about | https://chixiangmotor.com/en/ | owner-confirmation:2026-07-30","2026-07-30","https://chixiangmotor.com/en/about","https://chixiangmotor.com/es/about | https://chixiangmotor.com/pt/about | https://chixiangmotor.com/ru/about | https://chixiangmotor.com/ar/about","https://chixiangmotor.com/en/","INDEXABLE_OWNER","HIGH","READY","Keep the legal name, 2003 industry-experience timeline, 2007 registration year, current address, and approved capability statements synchronized.","","ENHANCE_EXISTING","The site owner approved the company timeline and current Hangu Town location; an uncontrolled third-party profile is excluded as evidence."
"brand-chixiang-motor","BRAND","Chixiang Motor","CHIXIANG MOTOR | CX MOTOR | CHIXIANGMOTOR","en | es | pt | ru | ar","org-chongqing-chixiang","","","VERIFIED","PUBLIC","https://chixiangmotor.com/en/ | repo:images/logo.webp","2026-07-29","https://chixiangmotor.com/en/","https://chixiangmotor.com/ru/ | https://chixiangmotor.com/es/ | https://chixiangmotor.com/pt/ | https://chixiangmotor.com/ar/","https://chixiangmotor.com/en/about","INDEXABLE_OWNER","HIGH","READY","Document the approved brand spelling, legal-name relationship, logo asset, and whether CX MOTOR is an approved secondary mark.","Brand is consistently visible, but naming variants are not governed by a published brand fact sheet.","ENHANCE_EXISTING","Keep the English home page as brand owner and reconcile Organization markup to one authoritative record."
"family-motorcycle-engines","PRODUCT_FAMILY","Motorcycle engines","moto engines | motorcycle and cargo-tricycle engines","en | es | pt | ru | ar","brand-chixiang-motor","app-work-motorcycle | app-cargo-tricycle | app-offroad | app-atv-utv","market-russia | market-central-asia | market-peru | market-colombia","VERIFIED","PUBLIC","https://chixiangmotor.com/en/ | https://chixiangmotor.com/en/products","2026-07-29","https://chixiangmotor.com/en/products","https://chixiangmotor.com/en/ | https://chixiangmotor.com/es/products | https://chixiangmotor.com/pt/products | https://chixiangmotor.com/ru/products | https://chixiangmotor.com/ar/products","https://chixiangmotor.com/en/about","INDEXABLE_OWNER","HIGH","READY","Add a visible hierarchy that separates engine families, complete vehicles, and parts.","The catalog mixes engines, complete motorcycles, tricycles, and parts under one product heading.","ENHANCE_EXISTING","The indexed catalog is the broad product owner; hierarchy clarity is more valuable than adding another generic page."
"family-cg-engine","PRODUCT_FAMILY","CG engine family","CG motorcycle engine | CG series","en | es | pt | ru | ar","family-motorcycle-engines","app-work-motorcycle | app-cargo-tricycle | app-replacement-aftermarket","market-peru | market-central-asia | market-uzbekistan | market-colombia","VERIFIED","PUBLIC","https://chixiangmotor.com/en/cg-engine | repo:en/cg-engine.html","2026-07-29","https://chixiangmotor.com/en/cg-engine","https://chixiangmotor.com/es/motor-cg | https://chixiangmotor.com/pt/motor-cg | https://chixiangmotor.com/ru/dvigatel-cg | https://chixiangmotor.com/ar/cg-engine","https://chixiangmotor.com/es/peru/ | https://chixiangmotor.com/ru/central-asia/ | https://chixiangmotor.com/es/colombia/","INDEXABLE_OWNER","HIGH","READY","Explain the air-cooled, balance-shaft, and water-cooled subfamilies visibly instead of hiding two tables by default.","The same URL owns three technical subfamilies while only the air-cooled family is prominent in the visible flow.","ENHANCE_EXISTING","Strengthen the existing family owner before considering any model-specific URL."
"family-cg-air","PRODUCT_FAMILY","CG air-cooled engine family","CG Air | CG air cooled","en | es | pt | ru | ar","family-cg-engine","app-work-motorcycle | app-cargo-tricycle | app-replacement-aftermarket","market-peru | market-central-asia | market-colombia","VERIFIED","PUBLIC","https://chixiangmotor.com/en/cg-engine | repo:js/latam-cg-products.js","2026-07-29","https://chixiangmotor.com/en/cg-engine","https://chixiangmotor.com/es/peru/ | https://chixiangmotor.com/ru/central-asia/ | https://chixiangmotor.com/es/colombia/","https://chixiangmotor.com/en/products","INDEXABLE_SECTION","HIGH","READY","Add clear selection criteria by vehicle, load, transmission, and engine code.","Market suitability is conditional; no universal platform compatibility is established.","ENHANCE_EXISTING","Existing evidence and content support a strong section, not a new thin family URL."
"family-cg-balance","PRODUCT_FAMILY","CG balance-shaft engine family","CG balancer | CG balance shaft","en | es | pt | ru | ar","family-cg-engine","app-work-motorcycle","","SUPPORTED","PUBLIC","https://chixiangmotor.com/en/cg-engine | https://chixiangmotor.com/en/products","2026-07-29","https://chixiangmotor.com/en/cg-engine","https://chixiangmotor.com/es/motor-cg | https://chixiangmotor.com/pt/motor-cg | https://chixiangmotor.com/ru/dvigatel-cg | https://chixiangmotor.com/ar/cg-engine","https://chixiangmotor.com/en/products","INDEXABLE_SECTION","MEDIUM","NEEDS_EVIDENCE","Provide differentiated photos, test evidence, exact model availability, and buyer-use cases.","Catalog longevity and low-vibration claims are first-party claims without linked test evidence.","DO_NOT_BUILD_YET","Keep as a family-page section until commercial demand and differentiated evidence justify a separate entity page."
"family-cg-water","PRODUCT_FAMILY","CG water-cooled engine family","CG Water | conventional water-cooled CG","en | es | pt | ru | ar","family-cg-engine","app-cargo-tricycle | app-work-motorcycle","market-peru | market-central-asia | market-uzbekistan","SUPPORTED","PUBLIC | INTERNAL_REFERENCE","https://chixiangmotor.com/en/cg-engine | https://chixiangmotor.com/es/peru/ | https://chixiangmotor.com/ru/central-asia/ | Phase4:P4-UZ-01","2026-07-29","https://chixiangmotor.com/en/cg-engine","https://chixiangmotor.com/es/peru/ | https://chixiangmotor.com/ru/central-asia/","https://chixiangmotor.com/en/products","INDEXABLE_SECTION","HIGH","NEEDS_CONTENT","Clarify standard water-cooled versus heavy-duty HW families and verify reverse-gear options per exact model.","Some pages imply built-in reverse broadly while market pages correctly require model confirmation.","ENHANCE_EXISTING","The family is commercially relevant, but the existing owner needs reconciled, application-specific content before a new URL is considered."
"family-cb-engine","PRODUCT_FAMILY","CB engine family","CB motorcycle engine | CB off-road engine","en | es | pt | ru | ar","family-motorcycle-engines","app-work-motorcycle | app-offroad","market-russia","VERIFIED","PUBLIC","https://chixiangmotor.com/en/cb-engine | repo:en/cb-engine.html","2026-07-29","https://chixiangmotor.com/en/cb-engine","https://chixiangmotor.com/es/motor-cb | https://chixiangmotor.com/pt/motor-cb | https://chixiangmotor.com/ru/dvigatel-cb | https://chixiangmotor.com/ar/cb-engine","https://chixiangmotor.com/ru/russia/","INDEXABLE_OWNER","HIGH","READY","Add clearer distinction between street, utility, trail, and off-road configurations.","The family page uses broad street and off-road positioning without model-specific fit evidence.","ENHANCE_EXISTING","The indexed family page is a sufficient owner for current CB models."
"family-horizontal-engine","PRODUCT_FAMILY","Horizontal engine family","horizontal motorcycle engine | underbone engine","en | es | pt | ru | ar","family-motorcycle-engines","app-work-motorcycle | app-offroad | app-atv-utv","market-russia","CONFLICTING","PUBLIC | INTERNAL_REFERENCE","https://chixiangmotor.com/en/horizontal-engine | https://chixiangmotor.com/ru/gorizontalnyj-dvigatel | repo:en/horizontal-engine.html","2026-07-29","https://chixiangmotor.com/en/horizontal-engine","https://chixiangmotor.com/es/motor-horizontal | https://chixiangmotor.com/pt/motor-horizontal | https://chixiangmotor.com/ru/gorizontalnyj-dvigatel | https://chixiangmotor.com/ar/horizontal-engine","https://chixiangmotor.com/ru/russia/","INDEXABLE_OWNER","HIGH","CONFLICTING","Reconcile model codes, nominal cc, actual displacement, starting position, clutch, cooling, and range labels against an approved factory specification master.","English owner says 50-125cc; Russian landing markets 110-150cc. The English table repeats CX152FMH-5B for 110 and 130 and labels 125 with 107 ml.","NEEDS_EVIDENCE","Do not add model pages or Product Schema until the specification master is reconciled."
"family-horizontal-air","PRODUCT_FAMILY","Horizontal air-cooled engine family","horizontal air cooled | lower-mounted horizontal","en | es | pt | ru | ar","family-horizontal-engine","app-work-motorcycle | app-offroad | app-atv-utv","market-russia","SUPPORTED","PUBLIC | INTERNAL_REFERENCE","https://chixiangmotor.com/en/horizontal-engine | https://chixiangmotor.com/ru/gorizontalnyj-dvigatel | Phase4:P4-RU-01 | Phase4:P4-RU-08","2026-07-29","https://chixiangmotor.com/en/horizontal-engine","https://chixiangmotor.com/ru/gorizontalnyj-dvigatel | https://chixiangmotor.com/ru/russia/","https://chixiangmotor.com/en/products","INDEXABLE_SECTION","HIGH","CONFLICTING","Resolve the parent family specification conflict and define subtypes by starter, clutch, reverse, and mounting interfaces.","Named platform examples are orientation signals, not verified compatibility.","ENHANCE_EXISTING","The family has market evidence, but content must qualify fit and use approved specifications."
"family-horizontal-water","PRODUCT_FAMILY","Horizontal water-cooled engine family","water-cooled horizontal","en | es | pt | ru | ar","family-horizontal-engine","app-work-motorcycle","","SUPPORTED","PUBLIC","https://chixiangmotor.com/en/products | repo:en/product-detail.html","2026-07-29","https://chixiangmotor.com/en/products","https://chixiangmotor.com/es/products | https://chixiangmotor.com/pt/products | https://chixiangmotor.com/ru/products | https://chixiangmotor.com/ar/products","https://chixiangmotor.com/en/horizontal-engine","INDEXABLE_SECTION","LOW","NEEDS_EVIDENCE","Provide exact models, specifications, images, applications, and commercial validation.","The indexed horizontal owner heading combines air- and water-cooled series but its table describes air-cooled engines.","DO_NOT_BUILD_YET","Current content is insufficient for a standalone indexable entity."
"family-tsunami-water","PRODUCT_FAMILY","Tsunami water-cooled engine family","Tsunami dual-cooling | 海啸系列","en | es | pt | ru | ar","family-motorcycle-engines","app-cargo-tricycle | app-work-motorcycle","","SUPPORTED","PUBLIC","https://chixiangmotor.com/en/products | repo:en/product-detail.html","2026-07-29","https://chixiangmotor.com/en/products","https://chixiangmotor.com/es/products | https://chixiangmotor.com/pt/products | https://chixiangmotor.com/ru/products | https://chixiangmotor.com/ar/products","","INDEXABLE_SECTION","MEDIUM","NEEDS_EVIDENCE","Provide approved series naming, factory specs, distinct images, applications, and demand evidence.","The series exists mainly as a catalog card and no canonical family owner contains a complete evidence set.","DO_NOT_BUILD_YET","Retain in the catalog until it can be distinguished from CG water-cooled and automatic-clutch variants."
"family-hanwei-water","PRODUCT_FAMILY","Hanwei heavy-duty water-cooled engine family","HW Water | Hanwei | 捍威系列","en | es | pt | ru | ar","family-motorcycle-engines","app-cargo-tricycle","market-peru | market-central-asia | market-uzbekistan","SUPPORTED","PUBLIC | INTERNAL_REFERENCE","https://chixiangmotor.com/en/products | https://chixiangmotor.com/es/peru/ | https://chixiangmotor.com/ru/central-asia/ | Phase4:P4-UZ-01","2026-07-29","https://chixiangmotor.com/en/products","https://chixiangmotor.com/es/peru/ | https://chixiangmotor.com/ru/central-asia/","","INDEXABLE_SECTION","HIGH","NEEDS_EVIDENCE","Verify HW200-HW350 model list, heavy-duty claims, reverse configuration, and factory specifications.","Regional pages use CG Heavy or HW naming inconsistently and reverse claims vary by family.","ENHANCE_EXISTING","Clarify this family in the current catalog and market pages before deciding on a dedicated URL."
"family-auto-clutch","PRODUCT_FAMILY","Automatic-clutch engine family","automatic centrifugal clutch | 海啸自动离合","en | es | pt | ru | ar","family-motorcycle-engines","app-work-motorcycle | app-cargo-tricycle","","SUPPORTED","PUBLIC","https://chixiangmotor.com/en/products | repo:en/product-detail.html","2026-07-29","https://chixiangmotor.com/en/products","https://chixiangmotor.com/es/products | https://chixiangmotor.com/pt/products | https://chixiangmotor.com/ru/products | https://chixiangmotor.com/ar/products","","INDEXABLE_SECTION","LOW","NEEDS_EVIDENCE","Provide exact model codes, technical differentiation, applications, and buyer demand.","Only catalog and noindex utility content currently describe the family.","DO_NOT_BUILD_YET","Do not create a thin entity page from a configuration label alone."
"family-engine-parts","PRODUCT_FAMILY","Motorcycle engine parts","engine spares | aftermarket parts","en | es | pt | ru | ar","brand-chixiang-motor","app-replacement-aftermarket","market-russia | market-peru | market-colombia | market-central-asia","VERIFIED","PUBLIC","https://chixiangmotor.com/en/engine-parts | https://chixiangmotor.com/en/products","2026-07-29","https://chixiangmotor.com/en/engine-parts","https://chixiangmotor.com/es/repuestos-motor | https://chixiangmotor.com/pt/pecas-de-motor | https://chixiangmotor.com/ru/zapchasti-dvigatelya | https://chixiangmotor.com/ar/engine-parts","https://chixiangmotor.com/es/colombia/ | https://chixiangmotor.com/es/peru/","INDEXABLE_OWNER","HIGH","READY","Map parts to confirmed engine codes and separate genuine factory parts from generic compatibility language.","Genuine and full-range language is not accompanied by a searchable part-number system.","ENHANCE_EXISTING","The existing multilingual family owners are suitable; improve evidence and mapping rather than add category clones."
"family-complete-motorcycles","PRODUCT_FAMILY","Complete motorcycles","motorcycles | complete vehicles","en | es | pt | ru | ar","brand-chixiang-motor","app-work-motorcycle","","SUPPORTED","PUBLIC","https://chixiangmotor.com/en/products","2026-07-29","https://chixiangmotor.com/en/products","https://chixiangmotor.com/es/products | https://chixiangmotor.com/pt/products | https://chixiangmotor.com/ru/products | https://chixiangmotor.com/ar/products","https://chixiangmotor.com/en/","INDEXABLE_SECTION","LOW","NEEDS_EVIDENCE","Provide a verified vehicle lineup, homologation scope, model ownership, and commercial priority.","The project strategy is engine-led, while the catalog also presents complete vehicles without a dedicated evidence model.","DO_NOT_BUILD_YET","Do not expand complete-vehicle pages until the business scope and evidence are confirmed."
"family-cargo-tricycles","PRODUCT_FAMILY","Cargo tricycles","utility tricycles | trimotos de carga","en | es | pt | ru | ar","brand-chixiang-motor","app-cargo-tricycle","market-peru | market-central-asia | market-uzbekistan","SUPPORTED","PUBLIC | INTERNAL_REFERENCE","https://chixiangmotor.com/en/products | Phase4:P4-PE-01 | Phase4:P4-UZ-01","2026-07-29","https://chixiangmotor.com/en/products","https://chixiangmotor.com/es/peru/ | https://chixiangmotor.com/ru/central-asia/","https://chixiangmotor.com/en/","INDEXABLE_SECTION","MEDIUM","NEEDS_EVIDENCE","Confirm whether Chixiang sells complete tricycles, engines for tricycles, or both, and document vehicle models and approvals.","Current wording can blur complete-vehicle supply with engine application.","DO_NOT_BUILD_YET","Keep as a catalog/application concept until the commercial entity is unambiguous."
"model-ac320-175mn","PRODUCT_MODEL","AC320 ATV engine","175MN | AC320 CVT engine","en","family-motorcycle-engines","app-atv-utv","","SUPPORTED","PUBLIC","https://chixiangmotor.com/en/products | repo:en/product-detail.html","2026-07-29","https://chixiangmotor.com/en/products","","","INDEXABLE_SECTION","MEDIUM","NEEDS_EVIDENCE","Verify model naming, patent claim, performance data, compliance, integration requirements, and supply status.","The marketing name AC320 and engine model 175MN are not explained as one identity on an indexable owner page.","DO_NOT_BUILD_YET","A standalone product page would be premature without approved technical and commercial evidence."
"model-cg125","PRODUCT_MODEL","CG125","CX156FMI","en | es | pt | ru | ar","family-cg-air","app-work-motorcycle | app-replacement-aftermarket","market-colombia | market-central-asia","SUPPORTED","PUBLIC | INTERNAL_REFERENCE","https://chixiangmotor.com/en/cg-engine | Phase4:P4-CO-09 | Phase4:P4-CO-10","2026-07-29","https://chixiangmotor.com/en/cg-engine","https://chixiangmotor.com/es/colombia/","https://chixiangmotor.com/en/products","INDEXABLE_SECTION","MEDIUM","NEEDS_EVIDENCE","Confirm current availability, configuration variants, price/MOQ, and market demand.","Colombia evidence is parts-led and does not verify complete-engine demand.","DO_NOT_BUILD_YET","Keep under the CG family and Colombia qualification content; do not create a dedicated model URL yet."
"model-cg150","PRODUCT_MODEL","CG150","CX162FMJ","en | es | pt | ru | ar","family-cg-air","app-work-motorcycle | app-cargo-tricycle | app-replacement-aftermarket","market-peru | market-colombia | market-central-asia","SUPPORTED","PUBLIC | INTERNAL_REFERENCE","https://chixiangmotor.com/en/cg-engine | Phase4:P4-PE-07 | Phase4:P4-CO-11","2026-07-29","https://chixiangmotor.com/en/cg-engine","https://chixiangmotor.com/es/peru/ | https://chixiangmotor.com/es/colombia/ | https://chixiangmotor.com/ru/central-asia/","https://chixiangmotor.com/en/products","INDEXABLE_SECTION","HIGH","NEEDS_CONTENT","Add configuration and application comparison while preserving compatibility qualification.","Peru evidence supports visible supply but not Chixiang fit or wholesale volume; Colombia remains parts-led.","ENHANCE_EXISTING","CG150 merits stronger sections on current owners, not a new model page before demand and inquiry data are available."
"model-cg175","PRODUCT_MODEL","CG175","CX162FMK","en | es | pt | ru | ar","family-cg-air","app-work-motorcycle","","SUPPORTED","PUBLIC","https://chixiangmotor.com/en/cg-engine","2026-07-29","https://chixiangmotor.com/en/cg-engine","","https://chixiangmotor.com/en/products","INDEXABLE_SECTION","LOW","NEEDS_EVIDENCE","Confirm availability, commercial use, differentiated configuration, and market demand.","No decision-critical market evidence was found in the frozen research set.","DO_NOT_BUILD_YET","The family table is sufficient until commercial evidence exists."
"model-cg200","PRODUCT_MODEL","CG200","CX163FML","en | es | pt | ru | ar","family-cg-air","app-work-motorcycle | app-cargo-tricycle | app-replacement-aftermarket","market-peru | market-colombia | market-central-asia","SUPPORTED","PUBLIC | INTERNAL_REFERENCE","https://chixiangmotor.com/en/cg-engine | Phase4:P4-PE-04 | Phase4:P4-PE-05 | Phase4:P4-PE-06","2026-07-29","https://chixiangmotor.com/en/cg-engine","https://chixiangmotor.com/es/peru/ | https://chixiangmotor.com/ru/central-asia/","https://chixiangmotor.com/en/products | https://chixiangmotor.com/es/colombia/","INDEXABLE_SECTION","HIGH","NEEDS_CONTENT","Clarify motorcycle versus cargo variants, shaft/interface requirements, and commercial proof.","Peru sources show retail-visible supply and parts, not Chixiang compatibility or wholesale demand volume.","ENHANCE_EXISTING","CG200 is a priority entity for current pages; a dedicated URL remains gated by inquiry and search data."
"model-cg250","PRODUCT_MODEL","CG250","CX167FMM","en | es | pt | ru | ar","family-cg-air","app-work-motorcycle | app-cargo-tricycle","market-peru | market-central-asia","SUPPORTED","PUBLIC | INTERNAL_REFERENCE","https://chixiangmotor.com/en/cg-engine | Phase4:P4-PE-04 | Phase4:P4-PE-08","2026-07-29","https://chixiangmotor.com/en/cg-engine","https://chixiangmotor.com/es/peru/ | https://chixiangmotor.com/ru/central-asia/","https://chixiangmotor.com/en/products","INDEXABLE_SECTION","MEDIUM","NEEDS_EVIDENCE","Confirm market demand, exact cargo configuration, and availability.","Marketplace and parts signals do not establish B2B demand or compatibility.","DO_NOT_BUILD_YET","Retain under the family owner until evidence improves."
"model-cg150sb","PRODUCT_MODEL","CG150SB","CG150B","en | es | pt | ru | ar","family-cg-water","app-work-motorcycle | app-cargo-tricycle","market-peru | market-central-asia","SUPPORTED","PUBLIC","https://chixiangmotor.com/en/cg-engine | repo:js/latam-cg-products.js","2026-07-29","https://chixiangmotor.com/en/cg-engine","https://chixiangmotor.com/es/peru/ | https://chixiangmotor.com/ru/central-asia/","","INDEXABLE_SECTION","MEDIUM","CONFLICTING","Resolve CG150B versus CG150SB naming and confirm technical configuration.","Peru data uses CG150B while the indexed family table uses CG150SB.","NEEDS_EVIDENCE","Do not create a model page while its preferred identifier is unresolved."
"model-cg175sb","PRODUCT_MODEL","CG175SB","","en | es | pt | ru | ar","family-cg-water","app-work-motorcycle | app-cargo-tricycle","market-peru | market-central-asia","SUPPORTED","PUBLIC","https://chixiangmotor.com/en/cg-engine | repo:js/latam-cg-products.js","2026-07-29","https://chixiangmotor.com/en/cg-engine","https://chixiangmotor.com/es/peru/ | https://chixiangmotor.com/ru/central-asia/","","INDEXABLE_SECTION","LOW","NEEDS_EVIDENCE","Confirm current supply, configuration, and commercial priority.","No decision-critical external demand evidence is recorded.","DO_NOT_BUILD_YET","Keep as a family-table model only."
"model-cg200sb","PRODUCT_MODEL","CG200SB","","en | es | pt | ru | ar","family-cg-water","app-cargo-tricycle","market-peru | market-central-asia","SUPPORTED","PUBLIC","https://chixiangmotor.com/en/cg-engine | repo:js/latam-cg-products.js","2026-07-29","https://chixiangmotor.com/en/cg-engine","https://chixiangmotor.com/es/peru/ | https://chixiangmotor.com/ru/central-asia/","","INDEXABLE_SECTION","MEDIUM","NEEDS_EVIDENCE","Confirm reverse, shaft, cooling package, and vehicle interfaces.","Market pages correctly require configuration checks; no universal cargo-tricycle fit is established.","DO_NOT_BUILD_YET","A standalone model page would overstate readiness."
"model-cg250sb","PRODUCT_MODEL","CG250SB","","en | es | pt | ru | ar","family-cg-water","app-cargo-tricycle","market-peru | market-central-asia | market-uzbekistan","SUPPORTED","PUBLIC | INTERNAL_REFERENCE","https://chixiangmotor.com/en/cg-engine | Phase4:P4-UZ-01","2026-07-29","https://chixiangmotor.com/en/cg-engine","https://chixiangmotor.com/es/peru/ | https://chixiangmotor.com/ru/central-asia/","","INDEXABLE_SECTION","MEDIUM","NEEDS_EVIDENCE","Confirm fit, configuration, and whether vehicle-ecosystem evidence translates into engine-only demand.","Uzbekistan evidence concerns a 250cc water-cooled cargo tricycle, not this Chixiang model.","DO_NOT_BUILD_YET","Use as a qualified candidate, not a proven Uzbekistan product entity."
"model-cb150","PRODUCT_MODEL","CB150","","en | es | pt | ru | ar","family-cb-engine","app-work-motorcycle | app-offroad","market-russia","SUPPORTED","PUBLIC","https://chixiangmotor.com/en/cb-engine | https://chixiangmotor.com/ru/russia/","2026-07-29","https://chixiangmotor.com/en/cb-engine","https://chixiangmotor.com/ru/russia/","https://chixiangmotor.com/en/products","INDEXABLE_SECTION","MEDIUM","NEEDS_EVIDENCE","Confirm current configurations and Russia-specific demand.","Phase 4 treated CB/pit-bike 140-150 as a lower-confidence qualification direction.","DO_NOT_BUILD_YET","Keep within the CB family and Russia market owner."
"model-cb200-c","PRODUCT_MODEL","CB200-C","CB200","en | es | pt | ru | ar","family-cb-engine","app-work-motorcycle | app-offroad","market-russia","SUPPORTED","PUBLIC","https://chixiangmotor.com/en/cb-engine | https://chixiangmotor.com/ru/russia/","2026-07-29","https://chixiangmotor.com/en/cb-engine","https://chixiangmotor.com/ru/russia/","https://chixiangmotor.com/en/products","INDEXABLE_SECTION","MEDIUM","NEEDS_EVIDENCE","Confirm the C suffix, configuration, and market demand.","The model is first-party content only; no decision-critical external Russia evidence was recorded.","DO_NOT_BUILD_YET","Family ownership is adequate."
"model-cb250","PRODUCT_MODEL","CB250","","en | es | pt | ru | ar","family-cb-engine","app-work-motorcycle | app-offroad","market-russia","SUPPORTED","PUBLIC","https://chixiangmotor.com/en/cb-engine | https://chixiangmotor.com/ru/russia/","2026-07-29","https://chixiangmotor.com/en/cb-engine","https://chixiangmotor.com/ru/russia/","https://chixiangmotor.com/en/products","INDEXABLE_SECTION","MEDIUM","NEEDS_EVIDENCE","Confirm current configuration, compliance, and demand.","No decision-critical external Russia evidence was recorded for this exact model.","DO_NOT_BUILD_YET","Family ownership is adequate."
"model-152fmh","PRODUCT_MODEL","152FMH","CX152FMH-5B | CX152FMH-6","en | ru","family-horizontal-air","app-work-motorcycle | app-atv-utv","market-russia","CONFLICTING","PUBLIC | INTERNAL_REFERENCE","https://chixiangmotor.com/en/horizontal-engine | https://chixiangmotor.com/ru/gorizontalnyj-dvigatel | Phase4:P4-RU-04 | Phase4:P4-RU-05","2026-07-29","https://chixiangmotor.com/ru/gorizontalnyj-dvigatel","https://chixiangmotor.com/en/horizontal-engine","https://chixiangmotor.com/ru/russia/","INDEXABLE_MARKET_OWNER","HIGH","CONFLICTING","Approve the exact code-to-displacement mapping and distinguish 152FMH from 152FMI.","English table repeats 152FMH variants across 110, 125, and 130 labels; Phase 4 public sources describe 152FMI rather than 152FMH.","NEEDS_EVIDENCE","Keep the Russian page but do not amplify the model entity until factory data resolves the code conflict."
"model-153fmi","PRODUCT_MODEL","153FMI","","ru","family-horizontal-air","app-offroad","market-russia","SUPPORTED","PUBLIC","https://chixiangmotor.com/ru/gorizontalnyj-dvigatel","2026-07-29","https://chixiangmotor.com/ru/gorizontalnyj-dvigatel","","https://chixiangmotor.com/ru/russia/","INDEXABLE_MARKET_OWNER","MEDIUM","NEEDS_EVIDENCE","Provide an approved technical sheet and independent terminology evidence.","The model is not represented on the English family owner and current evidence is first-party only.","ENHANCE_EXISTING","Retain the current market-page section; do not build a separate URL."
"model-154fmi","PRODUCT_MODEL","154FMI","","ru","family-horizontal-air","app-offroad | app-atv-utv","market-russia","SUPPORTED","PUBLIC","https://chixiangmotor.com/ru/gorizontalnyj-dvigatel","2026-07-29","https://chixiangmotor.com/ru/gorizontalnyj-dvigatel","","https://chixiangmotor.com/ru/russia/","INDEXABLE_MARKET_OWNER","MEDIUM","NEEDS_EVIDENCE","Provide approved specifications and qualify named-platform references.","KAYO and BSE mentions are not compatibility proof.","ENHANCE_EXISTING","Retain the market-page section with explicit compatibility qualification."
"model-1p56fmj","PRODUCT_MODEL","1P56FMJ","YX140 | 140cc horizontal","ru","family-horizontal-air","app-offroad | app-atv-utv","market-russia","SUPPORTED","PUBLIC | INTERNAL_REFERENCE","https://chixiangmotor.com/ru/gorizontalnyj-dvigatel | Phase4:P4-RU-01 | Phase4:P4-RU-02 | Phase4:P4-RU-03 | Phase4:P4-RU-08","2026-07-29","https://chixiangmotor.com/ru/gorizontalnyj-dvigatel","https://chixiangmotor.com/ru/russia/","https://chixiangmotor.com/en/horizontal-engine","INDEXABLE_MARKET_OWNER","HIGH","NEEDS_CONTENT","Add an approved technical table, fit-check requirements, and supply confirmation.","Retailer and manual evidence supports terminology and visible supply, not national demand or universal fit.","ENHANCE_EXISTING","This is the strongest Russia horizontal model candidate, but the existing landing page should be strengthened before any new page."
"app-work-motorcycle","APPLICATION","Street, commuter, and work motorcycles","utility motorcycle | daily-use motorcycle | moto de trabajo","en | es | pt | ru | ar","","family-cg-air | family-cb-engine | family-horizontal-air","market-peru | market-colombia | market-russia | market-central-asia","SUPPORTED","PUBLIC","https://chixiangmotor.com/en/products | https://chixiangmotor.com/es/peru/ | https://chixiangmotor.com/es/colombia/","2026-07-29","https://chixiangmotor.com/en/products","https://chixiangmotor.com/en/cg-engine | https://chixiangmotor.com/en/cb-engine | https://chixiangmotor.com/en/horizontal-engine","https://chixiangmotor.com/en/","INDEXABLE_SECTION","HIGH","NEEDS_CONTENT","Define selection factors by displacement, load, cooling, frame, and transmission.","Generic application wording is broad and not a compatibility guarantee.","ENHANCE_EXISTING","Application comparison should strengthen current family owners, not become a generic doorway page."
"app-cargo-tricycle","APPLICATION","Cargo-tricycle engine applications","trimoto de carga | грузовой трицикл | tricycle engine","en | es | pt | ru | ar","","family-cg-water | family-hanwei-water | family-cg-air","market-peru | market-central-asia | market-uzbekistan","SUPPORTED","PUBLIC | INTERNAL_REFERENCE","https://chixiangmotor.com/en/products | https://chixiangmotor.com/es/peru/ | https://chixiangmotor.com/ru/central-asia/ | Phase4:P4-PE-01 | Phase4:P4-UZ-01","2026-07-29","https://chixiangmotor.com/en/products","https://chixiangmotor.com/es/peru/ | https://chixiangmotor.com/ru/central-asia/ | https://chixiangmotor.com/en/air-cooled-vs-water-cooled-motorcycle-engine","https://chixiangmotor.com/en/","INDEXABLE_SECTION","HIGH","NEEDS_CONTENT","Create a clear application comparison using load, duty cycle, cooling, reverse, shaft, mounting, and vehicle-interface requirements.","Vehicle ecosystem evidence does not prove any exact Chixiang engine fits a named tricycle.","ENHANCE_EXISTING","This is a strong cross-family application, but content and engineering qualification must precede a dedicated page decision."
"app-offroad","APPLICATION","Pit-bike, enduro, and off-road applications","pit bike | enduro | trail | motocross","en | ru","","family-cb-engine | family-horizontal-air","market-russia","SUPPORTED","PUBLIC | INTERNAL_REFERENCE","https://chixiangmotor.com/en/cb-engine | https://chixiangmotor.com/ru/gorizontalnyj-dvigatel | Phase4:P4-RU-01 | Phase4:P4-RU-08","2026-07-29","https://chixiangmotor.com/ru/russia/","https://chixiangmotor.com/ru/gorizontalnyj-dvigatel | https://chixiangmotor.com/en/cb-engine","https://chixiangmotor.com/en/products","INDEXABLE_MARKET_OWNER","HIGH","NEEDS_CONTENT","Separate product families and explain fit-check requirements without claiming named-platform compatibility.","CB and horizontal applications overlap on the Russia hub and require clearer entity boundaries.","ENHANCE_EXISTING","Use the Russia hub as the market application owner and keep the horizontal landing narrower."
"app-atv-utv","APPLICATION","ATV and UTV engine applications","quad bike | buggy | beach vehicle","en | ru","","model-ac320-175mn | family-horizontal-air","market-russia","SUPPORTED","PUBLIC","https://chixiangmotor.com/en/products | https://chixiangmotor.com/ru/gorizontalnyj-dvigatel","2026-07-29","https://chixiangmotor.com/en/products","https://chixiangmotor.com/ru/gorizontalnyj-dvigatel","","INDEXABLE_SECTION","MEDIUM","NEEDS_EVIDENCE","Clarify small horizontal reverse-engine applications versus the 287cc AC320 CVT entity and document integration requirements.","Two technically different engine groups share one broad ATV label.","DO_NOT_BUILD_YET","Resolve the application taxonomy before creating an ATV-specific page."
"app-replacement-aftermarket","APPLICATION","Replacement and aftermarket supply","replacement engine | spare-parts channel | posventa","en | es | pt | ru | ar","","family-engine-parts | family-cg-air","market-colombia | market-peru | market-russia","SUPPORTED","PUBLIC | INTERNAL_REFERENCE","https://chixiangmotor.com/en/engine-parts | https://chixiangmotor.com/es/colombia/ | Phase4:P4-CO-01 | Phase4:P4-CO-02 | Phase4:P4-CO-14","2026-07-29","https://chixiangmotor.com/en/engine-parts","https://chixiangmotor.com/es/colombia/ | https://chixiangmotor.com/es/peru/","https://chixiangmotor.com/en/cg-engine","INDEXABLE_OWNER","HIGH","NEEDS_CONTENT","Add a code/photo-based qualification process and part-number evidence.","Colombia has strong aftermarket context but complete-engine demand remains unverified.","ENHANCE_EXISTING","Prioritize qualification and parts content; do not position Colombia paid search as proven complete-engine demand."
"market-russia","MARKET","Russia","Российский рынок","ru","","family-horizontal-air | family-cb-engine | family-engine-parts","market-russia","VERIFIED","PUBLIC | INTERNAL_REFERENCE","https://chixiangmotor.com/ru/russia/ | https://chixiangmotor.com/ru/gorizontalnyj-dvigatel | Phase4:P4-RU-01 | Phase4:P4-RU-08","2026-07-29","https://chixiangmotor.com/ru/russia/","https://chixiangmotor.com/ru/gorizontalnyj-dvigatel","https://chixiangmotor.com/ru/","INDEXABLE_MARKET_OWNER","HIGH","READY","Clarify hub versus paid-landing ownership and reconcile commercial policies.","The Russia hub and horizontal landing use different MOQ/sample rules and overlapping horizontal content.","ENHANCE_EXISTING","Keep the broad Russia hub as market owner and the horizontal page as a narrower product-market conversion page."
"market-central-asia","MARKET","Central Asia","Центральная Азия","ru","","family-cg-air | family-cg-water | family-hanwei-water","market-central-asia","VERIFIED","PUBLIC","https://chixiangmotor.com/ru/central-asia/","2026-07-29","https://chixiangmotor.com/ru/central-asia/","","https://chixiangmotor.com/en/about","INDEXABLE_MARKET_OWNER","HIGH","READY","Explain which country-specific statements are supported and avoid treating Central Asia as one homogeneous demand market.","The page is broad while Phase 5 implementation used it as the Uzbekistan route.","ENHANCE_EXISTING","Retain the regional owner but label country-level relationships separately."
"market-uzbekistan","MARKET","Uzbekistan","Узбекистан | O‘zbekiston","ru | uz","","family-cg-water | family-hanwei-water","market-uzbekistan","SUPPORTED","PUBLIC | INTERNAL_REFERENCE","https://chixiangmotor.com/ru/central-asia/ | Phase4:P4-UZ-01 | Phase4:P4-UZ-03 | Phase4:P4-UZ-05","2026-07-29","https://chixiangmotor.com/ru/central-asia/","","","INDEXABLE_REGIONAL_OWNER","HIGH","NEEDS_CONTENT","Add explicitly sourced Uzbekistan context and native terminology review; collect engine-only demand and buyer validation.","Public evidence supports cargo-tricycle and engine-channel context, not Chixiang fit or wholesale engine demand.","ENHANCE_EXISTING","Use the Central Asia owner for now; do not recreate redirected Uzbekistan doorway URLs."
"market-peru","MARKET","Peru","Perú","es","","family-cg-air | family-cg-water | family-hanwei-water | family-engine-parts","market-peru","SUPPORTED","PUBLIC | INTERNAL_REFERENCE","https://chixiangmotor.com/es/peru/ | Phase4:P4-PE-01 | Phase4:P4-PE-04 | Phase4:P4-PE-05 | Phase4:P4-PE-07","2026-07-29","https://chixiangmotor.com/es/peru/","https://chixiangmotor.com/es/motor-cg | https://chixiangmotor.com/es/repuestos-motor","https://chixiangmotor.com/es/","INDEXABLE_MARKET_OWNER","HIGH","READY","Add traceable market evidence, native-language review, and clearer CG150/CG200 selection logic.","The page is technically qualified, but demand volume, buyer validation, and Chixiang compatibility are not verified.","ENHANCE_EXISTING","The existing owner is suitable for controlled GEO improvement and small-budget validation."
"market-colombia","MARKET","Colombia","mercado colombiano","es","","family-cg-air | family-engine-parts","market-colombia","SUPPORTED","PUBLIC | INTERNAL_REFERENCE","https://chixiangmotor.com/es/colombia/ | Phase4:P4-CO-01 | Phase4:P4-CO-02 | Phase4:P4-CO-14","2026-07-29","https://chixiangmotor.com/es/colombia/","https://chixiangmotor.com/es/motor-cg | https://chixiangmotor.com/es/repuestos-motor","https://chixiangmotor.com/es/","INDEXABLE_MARKET_OWNER","MEDIUM","NEEDS_EVIDENCE","Preserve SEO/distributor-development positioning and collect complete-engine demand evidence before paid expansion.","Frozen Phase 4 research did not verify complete-engine demand; current signals are mainly parts and market context.","KEEP","The current page can qualify organic/distributor interest but should not be expanded into unsupported model pages or paid-demand claims."
"cap-engine-manufacturing","CAPABILITY","Motorcycle-engine manufacturing","factory production | assembly","en | es | pt | ru | ar","org-chongqing-chixiang","","","SUPPORTED","PUBLIC","https://chixiangmotor.com/en/about | https://chixiangmotor.com/en/","2026-07-29","https://chixiangmotor.com/en/about","https://chixiangmotor.com/es/about | https://chixiangmotor.com/pt/about | https://chixiangmotor.com/ru/about | https://chixiangmotor.com/ar/about","https://chixiangmotor.com/ru/gorizontalnyj-dvigatel","INDEXABLE_OWNER","HIGH","NEEDS_EVIDENCE","Provide approved factory facts, legal factory address, production records, and dated images.","Public company profile and website disagree on founding year/address; production-capacity claims are first-party only.","NEEDS_EVIDENCE","Strengthen the existing About owner after factual reconciliation."
"cap-testing-quality","CAPABILITY","Engine testing and quality control","testing labs | QC | dynamometer testing","en | es | pt | ru | ar","org-chongqing-chixiang","","","SUPPORTED","PUBLIC","https://chixiangmotor.com/en/about | https://chixiangmotor.com/en/","2026-07-29","https://chixiangmotor.com/en/about","https://chixiangmotor.com/es/about | https://chixiangmotor.com/pt/about | https://chixiangmotor.com/ru/about | https://chixiangmotor.com/ar/about","https://chixiangmotor.com/ru/gorizontalnyj-dvigatel","INDEXABLE_OWNER","HIGH","NEEDS_EVIDENCE","Link equipment claims to dated factory evidence and define what is tested before shipment.","Claims such as every engine tested and 99 percent first-pass yield lack a cited audit or production record.","NEEDS_EVIDENCE","Keep visible but do not encode numerical quality claims as trusted structured facts until documented."
"cap-oem-odm","CAPABILITY","OEM and ODM configuration support","OEM branding | custom packaging | market configuration","en | es | pt | ru | ar","org-chongqing-chixiang","","market-russia | market-peru | market-central-asia","SUPPORTED","PUBLIC","https://chixiangmotor.com/en/about | https://chixiangmotor.com/en/cg-engine | https://chixiangmotor.com/ru/gorizontalnyj-dvigatel","2026-07-29","https://chixiangmotor.com/en/about","https://chixiangmotor.com/en/cg-engine | https://chixiangmotor.com/en/cb-engine | https://chixiangmotor.com/en/horizontal-engine","https://chixiangmotor.com/en/","INDEXABLE_OWNER","HIGH","NEEDS_CONTENT","Define supported customization boundaries, approval process, MOQ scope, and examples.","ODM can imply new-engine development while current Russia copy limits the promise to marking, packaging, and project requirements.","ENHANCE_EXISTING","Clarify the capability on the About owner and keep page-level promises scoped."
"cap-export-logistics","CAPABILITY","Export supply and logistics support","export packaging | factory delivery | freight-forwarder handoff","en | es | pt | ru | ar","org-chongqing-chixiang","","market-russia | market-peru | market-central-asia","SUPPORTED","PUBLIC","https://chixiangmotor.com/en/about | https://chixiangmotor.com/ru/gorizontalnyj-dvigatel","2026-07-29","https://chixiangmotor.com/en/about","https://chixiangmotor.com/ru/gorizontalnyj-dvigatel | https://chixiangmotor.com/es/peru/ | https://chixiangmotor.com/ru/central-asia/","https://chixiangmotor.com/en/","INDEXABLE_OWNER","HIGH","NEEDS_CONTENT","Separate factory handoff, export packing, freight responsibility, destination delivery, duty, and lead time.","Some site wording says global export support while the Russia landing correctly limits the promise to delivery to the buyer's forwarder in China.","ENHANCE_EXISTING","Document the precise service boundary to prevent AI or buyers from inferring door-to-door delivery."
"cap-technical-matching","CAPABILITY","Technical configuration matching","code and photo matching | interface confirmation","en | es | ru","org-chongqing-chixiang","app-replacement-aftermarket | app-cargo-tricycle | app-offroad","market-russia | market-peru | market-colombia | market-central-asia","SUPPORTED","PUBLIC","https://chixiangmotor.com/es/peru/ | https://chixiangmotor.com/es/colombia/ | https://chixiangmotor.com/ru/gorizontalnyj-dvigatel","2026-07-29","https://chixiangmotor.com/en/contact","https://chixiangmotor.com/es/peru/ | https://chixiangmotor.com/es/colombia/ | https://chixiangmotor.com/ru/gorizontalnyj-dvigatel | https://chixiangmotor.com/ru/central-asia/","https://chixiangmotor.com/en/cg-engine","INDEXABLE_SUPPORT","HIGH","READY","Standardize the required inputs: engine code, photos, mounting, shaft, electrical system, cooling, vehicle, load, and quantity.","Generic family pages promise confirmation but do not present the same intake checklist as market pages.","ENHANCE_EXISTING","This is a valuable B2B trust capability and should be consistent across contact and owner pages."
"cap-spares-after-sales","CAPABILITY","Spare-parts and repeat-order support","after-sales parts | service stock | repeat specification","en | es | pt | ru | ar","org-chongqing-chixiang","app-replacement-aftermarket","market-russia | market-peru | market-colombia | market-central-asia","SUPPORTED","PUBLIC","https://chixiangmotor.com/en/engine-parts | https://chixiangmotor.com/ru/gorizontalnyj-dvigatel","2026-07-29","https://chixiangmotor.com/en/engine-parts","https://chixiangmotor.com/es/repuestos-motor | https://chixiangmotor.com/pt/pecas-de-motor | https://chixiangmotor.com/ru/zapchasti-dvigatelya | https://chixiangmotor.com/ar/engine-parts","https://chixiangmotor.com/es/colombia/","INDEXABLE_OWNER","HIGH","NEEDS_CONTENT","Provide part-code mapping, repeat-order process, and the boundary of stocked versus order-specific parts.","In-stock and genuine wording is broader than the available part-number evidence.","ENHANCE_EXISTING","Strengthen the current parts owner rather than create generic after-sales pages."
"cap-certification-claims","CAPABILITY","Certification and compliance evidence","ISO 9001 | ISO 9001-2000 | CCC","en | es | pt | ru | ar","org-chongqing-chixiang","","","CONFLICTING","PUBLIC","https://chixiangmotor.com/en/ | https://chixiangmotor.com/en/about | repo:images/factory-showcase/certification-2.webp","2026-07-29","https://chixiangmotor.com/en/about","https://chixiangmotor.com/en/","https://chixiangmotor.com/ru/gorizontalnyj-dvigatel","INDEXABLE_OWNER","HIGH","CONFLICTING","Provide certificate number, holder, standard/version, scope, issuing body, validity dates, and a readable approved document.","Pages use ISO 9001, ISO 9001-2000, and generic certification wording; Russia alt text says ISO 9001 without visible certificate metadata.","NEEDS_EVIDENCE","Certification is a trust-critical entity and must be reconciled before Schema or broad GEO claims."
"policy-general-order-terms","COMMERCIAL_POLICY","General market-landing order thresholds","samples 2 | wholesale 50 | mixed 100 | OEM 100","es | ru","org-chongqing-chixiang","","market-peru | market-central-asia | market-russia","VERIFIED","PUBLIC | INTERNAL_REFERENCE","https://chixiangmotor.com/es/peru/ | https://chixiangmotor.com/ru/central-asia/ | https://chixiangmotor.com/ru/russia/ | Phase5:PHASE_4_SOURCE_REFERENCE.md","2026-07-29","https://chixiangmotor.com/es/peru/","https://chixiangmotor.com/ru/central-asia/ | https://chixiangmotor.com/ru/russia/","","INDEXABLE_POLICY_SECTION","HIGH","CONFLICTING","Define whether these are global defaults, legacy campaign terms, or market-specific policies and assign an owner/date.","The Russia horizontal landing uses samples from 3 and formal orders from 40, so these thresholds cannot be presented as one global policy.","NEEDS_EVIDENCE","Keep existing scoped text but do not encode it as a universal company fact."
"policy-russia-horizontal-samples","COMMERCIAL_POLICY","Russia horizontal-engine sample policy","samples from 3 engines | B2B samples","ru","org-chongqing-chixiang","","market-russia","VERIFIED","PUBLIC","https://chixiangmotor.com/ru/gorizontalnyj-dvigatel","2026-07-29","https://chixiangmotor.com/ru/gorizontalnyj-dvigatel","","","INDEXABLE_POLICY_SECTION","HIGH","READY","Record approval owner, effective date, eligible models, and sample pricing/freight exclusions.","It differs from the two-engine sample threshold on the Russia hub and other market landings.","KEEP","The policy is intentionally B2B-filtering and valid only for the named landing-page scope until reconciled globally."
"policy-russia-horizontal-moq","COMMERCIAL_POLICY","Russia horizontal-engine formal order policy","minimum total order 40 | mixed models allowed","ru","org-chongqing-chixiang","","market-russia","VERIFIED","PUBLIC","https://chixiangmotor.com/ru/gorizontalnyj-dvigatel","2026-07-29","https://chixiangmotor.com/ru/gorizontalnyj-dvigatel","","","INDEXABLE_POLICY_SECTION","HIGH","READY","Record model eligibility, OEM threshold, and effective date.","It differs from the 50/100 thresholds on the broad Russia hub.","KEEP","Retain as a scoped campaign policy, not a universal site-wide MOQ."
"policy-china-forwarder-handoff","COMMERCIAL_POLICY","Delivery to buyer-appointed forwarder in China","China warehouse handoff | buyer freight forwarder","ru","cap-export-logistics","","market-russia","VERIFIED","PUBLIC","https://chixiangmotor.com/ru/gorizontalnyj-dvigatel","2026-07-29","https://chixiangmotor.com/ru/gorizontalnyj-dvigatel","","","INDEXABLE_POLICY_SECTION","HIGH","READY","Add Incoterm or responsibility wording after sales/legal approval; do not imply Russia transit time.","The page deliberately avoids promising international delivery and instead states China-side handoff.","KEEP","This accurately filters for B2B buyers with logistics capability and should remain narrowly worded."
"policy-russia-contact-priority","COMMERCIAL_POLICY","Russia landing contact priority","on-site inquiry | email | WeChat | WhatsApp supplemental","ru","org-chongqing-chixiang","","market-russia","VERIFIED","PUBLIC","https://chixiangmotor.com/ru/gorizontalnyj-dvigatel","2026-07-29","https://chixiangmotor.com/ru/gorizontalnyj-dvigatel","","","INDEXABLE_POLICY_SECTION","HIGH","READY","Keep channel ownership and fallback behavior documented; validate platform availability periodically.","The broad Russia hub and other language pages remain more WhatsApp-forward than this narrower landing.","KEEP","The current order reflects the approved Russia B2B contact strategy without removing WeChat or WhatsApp."
