"spec_id","record_scope","family","model_code","marketing_name","aliases","configuration","nominal_displacement_cc","actual_displacement_cc","bore_mm","stroke_mm","cooling","start_method","clutch","gear_pattern","reverse_configuration","ignition","applications","fit_limitations","oem_options","current_website_values","candidate_master_values","evidence_status","approval_status","visibility","evidence_sources","conflict_summary","affected_pages","review_owner_role","approved_by","approved_date","last_verified","notes"
"model-ac320-175mn","MODEL","AC320 ATV/UTV","AC320","ATV Off-Road Beach Vehicle Engine","175MN","Single-cylinder, 4-stroke, liquid-cooled, vertical; CVT","287","287.2","75","65","Liquid-cooled","","Reinforced 5-jaw centrifugal clutch","CVT; L-H-N-R","Built-in reverse","CDI","ATV | UTV | off-road beach vehicle","Confirm mounting, output shaft, driveline, cooling package and vehicle integration before quotation.","Not established at model level","en/products=AC320, 287cc, 17kW, 28N·m, CVT with built-in reverse | en/product-detail=Engine Model 175MN; 287.2cc; 75×65mm; liquid-cooled; CDI; CVT L-H-N-R","","SUPPORTED","PENDING_REVIEW","PUBLIC","https://chixiangmotor.com/en/products | https://chixiangmotor.com/en/product-detail?series=atv-ac320 | repo:en/products.html | repo:en/product-detail.html","AC320与175MN关系及完整规格只出现在产品目录和noindex工具页，缺少批准的工厂规格表。","https://chixiangmotor.com/en/products | https://chixiangmotor.com/en/product-detail?series=atv-ac320","Factory Technical Management","","","2026-07-29","不把页面中的patented等措辞转入批准值。"
"model-cg125","MODEL","CG air-cooled","CG125","CG125","CX156FMI","Single-cylinder, 4-stroke, natural air-cooled, vertical","125","124","56.5","49.5","Air-cooled","Electric / foot start","Manual wet multi-plate","5-speed constant mesh","According to configuration; not defined by the English specification table","CDI","Urban and work motorcycles | replacement market","Confirm engine code, mounting, output, electrical system, transmission and vehicle load.","Family page states OEM/ODM is available; model-specific options not approved","en/cg-engine=CG125/CX156FMI; 124ml; 56.5×49.5mm; electric/foot; manual wet multi-plate; 5 gears | latam data=CG125; 125cc; air-cooled; reverse according to configuration","","SUPPORTED","PENDING_REVIEW","PUBLIC","https://chixiangmotor.com/en/cg-engine | repo:en/cg-engine.html | repo:js/latam-cg-products.js","标称125与表格实际124并非自动冲突，但必须由工厂确认标称和实际字段口径。","https://chixiangmotor.com/en/cg-engine | https://chixiangmotor.com/es/colombia/","Factory Technical Management","","","2026-07-29",""
"model-cg150","MODEL","CG air-cooled","CG150","CG150","CX162FMJ","Single-cylinder, 4-stroke, natural air-cooled, vertical","150","149","62","49.5","Air-cooled","Electric / foot start","Manual wet multi-plate","5-speed constant mesh","According to configuration; not defined by the English specification table","CDI","Street and work motorcycles | delivery | replacement","Confirm engine code, mounting, output, electrical system, transmission and intended daily load.","Family page states OEM/ODM is available; model-specific options not approved","en/cg-engine=CG150/CX162FMJ; 149ml; 62×49.5mm; electric/foot; manual wet multi-plate; 5 gears | latam data=CG150; 150cc; air-cooled; reverse according to configuration","","SUPPORTED","PENDING_REVIEW","PUBLIC","https://chixiangmotor.com/en/cg-engine | repo:en/cg-engine.html | repo:js/latam-cg-products.js","市场页面支持CG150方向，但没有证明对任何具体车型的通用适配。","https://chixiangmotor.com/en/cg-engine | https://chixiangmotor.com/es/peru/ | https://chixiangmotor.com/es/colombia/","Factory Technical Management","","","2026-07-29",""
"model-cg175","MODEL","CG air-cooled","CG175","CG175","CX162FMK","Single-cylinder, 4-stroke, natural air-cooled, vertical","175","174","62","57.5","Air-cooled","Electric / foot start","Manual wet multi-plate","5-speed constant mesh","According to configuration; not defined by the English specification table","CDI","Motorcycles | work motorcycles | assembly projects","Confirm engine code, mounting, output, electrical system, transmission and vehicle application.","Family page states OEM/ODM is available; model-specific options not approved","en/cg-engine=CG175/CX162FMK; 174ml; 62×57.5mm; electric/foot; manual wet multi-plate; 5 gears","","SUPPORTED","PENDING_REVIEW","PUBLIC","https://chixiangmotor.com/en/cg-engine | repo:en/cg-engine.html","只有家族参数表，缺少独立型号资料和市场验证。","https://chixiangmotor.com/en/cg-engine","Factory Technical Management","","","2026-07-29",""
"model-cg200","MODEL","CG air-cooled","CG200","CG200","CX163FML","Single-cylinder, 4-stroke, natural air-cooled, vertical","200","197","63.5","62.2","Air-cooled","Electric / foot start","Manual wet multi-plate","5-speed constant mesh","According to vehicle configuration; not defined by the English specification table","CDI","Work motorcycles | cargo applications subject to vehicle confirmation","Confirm motorcycle versus cargo variant, shaft, mounting, transmission, electrical interfaces and load.","Family page states OEM/ODM is available; model-specific options not approved","en/cg-engine=CG200/CX163FML; 197ml; 63.5×62.2mm; electric/foot; manual wet multi-plate; 5 gears | latam data=CG200; 200cc; air-cooled; reverse confirmed with vehicle configuration","","SUPPORTED","PENDING_REVIEW","PUBLIC","https://chixiangmotor.com/en/cg-engine | repo:en/cg-engine.html | repo:js/latam-cg-products.js","秘鲁资料支持CG200选择方向，但没有工厂适配表或批量需求证明。","https://chixiangmotor.com/en/cg-engine | https://chixiangmotor.com/es/peru/","Factory Technical Management","","","2026-07-29",""
"model-cg250","MODEL","CG air-cooled","CG250","CG250","CX167FMM","Single-cylinder, 4-stroke, natural air-cooled, vertical","250","229.5","67","65","Air-cooled","Electric / foot start","Manual wet multi-plate","5-speed constant mesh","According to configuration; not defined by the English specification table","CDI","Motorcycles | work motorcycles | assembly projects","Confirm whether CG250 marketing name refers to the 229.5ml configuration and verify all interfaces.","Family page states OEM/ODM is available; model-specific options not approved","en/cg-engine=CG250/CX167FMM; 229.5ml; 67×65.0mm; electric/foot; manual wet multi-plate; 5 gears | latam range=CG250 listed under 150–250cc","","SUPPORTED","PENDING_REVIEW","PUBLIC","https://chixiangmotor.com/en/cg-engine | repo:en/cg-engine.html | repo:js/latam-cg-products.js","CG250营销名与229.5ml实际排量需工厂确认口径。","https://chixiangmotor.com/en/cg-engine | https://chixiangmotor.com/es/peru/","Factory Technical Management","","","2026-07-29",""
"model-cg150sb","MODEL","CG water-cooled","CG150SB","CG150SB water-cooled engine","CG150B","Website wording: single bar, four-stroke, water-cooled, vertical","150","149.5","62","49.5","Water-cooled","Electric / kick start","Manual wet multi-plate","","According to model and vehicle transmission; Central Asia family copy says built-in reverse optional","","Work motorcycles | cargo tricycles subject to configuration","Confirm preferred model code, cooling circuit, mounting, transmission and whether reverse is built in.","Family-level configuration support only","en/cg-engine=CG150SB; 149.5ml; 62×49.5mm; water-cooled; electric/kick; manual wet multi-plate | latam data=CG150B; standard-water family | central-asia=CG Water reverse optional","","CONFLICTING","PENDING_REVIEW","PUBLIC","https://chixiangmotor.com/en/cg-engine | https://chixiangmotor.com/es/peru/ | https://chixiangmotor.com/ru/central-asia/ | repo:en/cg-engine.html | repo:js/latam-cg-products.js | repo:js/central-asia-data.js","英文规格表使用CG150SB，拉美共享数据使用CG150B；Type中的single bar也需确认是否为录入错误。","https://chixiangmotor.com/en/cg-engine | https://chixiangmotor.com/es/peru/ | https://chixiangmotor.com/ru/central-asia/","Factory Technical Management","","","2026-07-29",""
"model-cg175sb","MODEL","CG water-cooled","CG175SB","CG175SB water-cooled engine","","Website wording: single bar, four-stroke, water-cooled, vertical","175","173.6","62","57.5","Water-cooled","Electric / kick start","Manual wet multi-plate","","According to model and vehicle transmission; Central Asia family copy says built-in reverse optional","","Work motorcycles | cargo tricycles subject to configuration","Confirm cooling circuit, mounting, transmission and reverse configuration.","Family-level configuration support only","en/cg-engine=CG175SB; 173.6ml; 62×57.5mm; water-cooled; electric/kick; manual wet multi-plate | latam standard-water=CG175SB | central-asia=CG Water reverse optional","","SUPPORTED","PENDING_REVIEW","PUBLIC","https://chixiangmotor.com/en/cg-engine | https://chixiangmotor.com/es/peru/ | https://chixiangmotor.com/ru/central-asia/ | repo:en/cg-engine.html | repo:js/latam-cg-products.js | repo:js/central-asia-data.js","Type中的single bar措辞和型号级倒挡配置未确认。","https://chixiangmotor.com/en/cg-engine | https://chixiangmotor.com/es/peru/ | https://chixiangmotor.com/ru/central-asia/","Factory Technical Management","","","2026-07-29",""
"model-cg200sb","MODEL","CG water-cooled","CG200SB","CG200SB water-cooled engine","CG200SB Tsunami（noindex工具页）","Website wording: single bar, four-stroke, water-cooled, vertical","200","197","63.5","62.2","Water-cooled","Electric / kick start","Manual wet multi-plate","","According to model and vehicle transmission; Tsunami and Central Asia pages describe family-level reverse differently","","Work motorcycles | cargo tricycles | sustained-load applications subject to configuration","Confirm whether standard CG200SB and Tsunami CG200SB are distinct configurations and verify reverse.","Family-level configuration support only","en/cg-engine=CG200SB; 197ml; 63.5×62.2mm; water-cooled; electric/kick; manual wet multi-plate | product-detail=Tsunami model CG200SB | central-asia=CG Water reverse optional","","SUPPORTED","PENDING_REVIEW","PUBLIC","https://chixiangmotor.com/en/cg-engine | https://chixiangmotor.com/en/product-detail?series=tsunami | https://chixiangmotor.com/ru/central-asia/ | repo:en/cg-engine.html | repo:en/product-detail.html | repo:js/central-asia-data.js","标准水冷与Tsunami命名关系、Type措辞和倒挡配置未确认。","https://chixiangmotor.com/en/cg-engine | https://chixiangmotor.com/en/products | https://chixiangmotor.com/ru/central-asia/","Factory Technical Management","","","2026-07-29",""
"model-cg250sb","MODEL","CG water-cooled","CG250SB","CG250SB water-cooled engine","CG250SB Tsunami（noindex工具页）","Website wording: single bar, four-stroke, water-cooled, vertical","250","246.3","70","64","Water-cooled","Electric / kick start","Manual wet multi-plate","","According to model and vehicle transmission; Tsunami and Central Asia pages describe family-level reverse differently","","Work motorcycles | cargo tricycles | sustained-load applications subject to configuration","Confirm whether standard CG250SB and Tsunami CG250SB are distinct configurations and verify reverse.","Family-level configuration support only","en/cg-engine=CG250SB; 246.3ml; 70×64mm; water-cooled; electric/kick; manual wet multi-plate | product-detail=Tsunami model CG250SB | central-asia=CG Water reverse optional","","SUPPORTED","PENDING_REVIEW","PUBLIC","https://chixiangmotor.com/en/cg-engine | https://chixiangmotor.com/en/product-detail?series=tsunami | https://chixiangmotor.com/ru/central-asia/ | repo:en/cg-engine.html | repo:en/product-detail.html | repo:js/central-asia-data.js","标准水冷与Tsunami命名关系、Type措辞和倒挡配置未确认。","https://chixiangmotor.com/en/cg-engine | https://chixiangmotor.com/en/products | https://chixiangmotor.com/ru/central-asia/","Factory Technical Management","","","2026-07-29",""
"model-cb150","MODEL","CB engine","CB150","CB150","","Single-cylinder, 4-stroke, air-cooled, camshaft upward","150","149","","","Air-cooled","Electric / kick","Manual wet multi-plate","5-speed constant mesh","Not established","","Street and off-road motorcycles subject to configuration","Confirm bore, stroke, mounting, camshaft configuration, electrical system and vehicle fit.","Family page states OEM/ODM is available; model-specific options not approved","en/cb-engine=CB150; 149ml; air-cooled; electric/kick; manual wet multi-plate; 5-speed","","SUPPORTED","PENDING_REVIEW","PUBLIC","https://chixiangmotor.com/en/cb-engine | repo:en/cb-engine.html","网页没有缸径行程、点火或型号级适配资料。","https://chixiangmotor.com/en/cb-engine | https://chixiangmotor.com/ru/russia/","Factory Technical Management","","","2026-07-29",""
"model-cb200-c","MODEL","CB engine","CB200-C","CB200-C","","Single-cylinder, 4-stroke, air-cooled, camshaft upward","200","197","","","Air-cooled","Electric / kick","Manual wet multi-plate","5-speed constant mesh","Not established","","Street and off-road motorcycles subject to configuration","Confirm bore, stroke, mounting, camshaft configuration, electrical system and vehicle fit.","Family page states OEM/ODM is available; model-specific options not approved","en/cb-engine=CB200-C; 197ml; air-cooled; electric/kick; manual wet multi-plate; 5-speed","","SUPPORTED","PENDING_REVIEW","PUBLIC","https://chixiangmotor.com/en/cb-engine | repo:en/cb-engine.html","网页没有缸径行程、点火或型号级适配资料。","https://chixiangmotor.com/en/cb-engine | https://chixiangmotor.com/ru/russia/","Factory Technical Management","","","2026-07-29",""
"model-cb250","MODEL","CB engine","CB250","CB250","","Single-cylinder, 4-stroke, air-cooled, camshaft upward","250","223","","","Air-cooled","Electric / kick","Manual wet multi-plate","5-speed constant mesh","Not established","","Street and off-road motorcycles subject to configuration","Confirm whether CB250 marketing name refers to the 223ml configuration and verify all interfaces.","Family page states OEM/ODM is available; model-specific options not approved","en/cb-engine=CB250; 223ml; air-cooled; electric/kick; manual wet multi-plate; 5-speed","","SUPPORTED","PENDING_REVIEW","PUBLIC","https://chixiangmotor.com/en/cb-engine | repo:en/cb-engine.html","CB250营销名与223ml实际排量需工厂确认口径；网页没有缸径行程和点火资料。","https://chixiangmotor.com/en/cb-engine | https://chixiangmotor.com/ru/russia/","Factory Technical Management","","","2026-07-29",""
"model-152fmh","MODEL","Horizontal air-cooled","152FMH","152FMH horizontal engine","CX152FMH-5B | CX152FMH-6","English page: air-cooled inclined horizontal 10°, OHC; Russian page: horizontal air-cooled","","","","","Air-cooled","English: electric/kick; Russian: upper or lower starter","Automatic wet multi-plate","4-speed constant mesh","Not established","English page: CDI / AC ignition","Mopeds | light ATV; named-platform examples require fit confirmation","Confirm exact code-to-displacement mapping, starter position, mounting, connectors, clutch and vehicle interfaces.","Packaging and distributor batch requirements discussed at landing-page level","ru landing=152FMH 110cc; upper/lower starter; automatic clutch; 4 gears | en horizontal=110/CX152FMH-5B actual106.7cc 52.4×49.5; 125/CX152FMH-6 actual107cc 52.4×49.5; 130/CX152FMH-5B actual123.67cc 54×54","","CONFLICTING","PENDING_REVIEW","PUBLIC","https://chixiangmotor.com/en/horizontal-engine | https://chixiangmotor.com/ru/gorizontalnyj-dvigatel | repo:en/horizontal-engine.html | repo:ru/gorizontalnyj-dvigatel.html","英文表重复CX152FMH-5B并给出110/130两个营销排量；125/CX152FMH-6的实际排量写107；俄罗斯页把152FMH标为110cc。","https://chixiangmotor.com/en/horizontal-engine | https://chixiangmotor.com/ru/gorizontalnyj-dvigatel","Factory Technical Management","","","2026-07-29","数值字段故意留空，避免在冲突未解决前选定一个值。"
"model-153fmi","MODEL","Horizontal air-cooled","153FMI","153FMI horizontal engine","","Horizontal air-cooled","125","","","","Air-cooled","Upper starter / electric start","Manual or semi-automatic","4 gears","Not established","","Pit bikes | light enduro projects","Confirm actual displacement, bore/stroke, starter, clutch variant, mounting and electrical interfaces.","Packaging and distributor batch requirements discussed at landing-page level","ru landing=153FMI 125cc; upper/electric start; manual or semi-automatic clutch; 4 gears","","SUPPORTED","PENDING_REVIEW","PUBLIC","https://chixiangmotor.com/ru/gorizontalnyj-dvigatel | repo:ru/gorizontalnyj-dvigatel.html","只有俄罗斯落地页营销规格，缺少工厂规格表和实际排量。","https://chixiangmotor.com/ru/gorizontalnyj-dvigatel | https://chixiangmotor.com/en/horizontal-engine","Factory Technical Management","","","2026-07-29",""
"model-154fmi","MODEL","Horizontal air-cooled","154FMI","154FMI horizontal engine","","Horizontal air-cooled","125","","","","Air-cooled","Lower starter","Manual clutch","4 gears","Not established","","Pit bikes | ATV | assembly projects","Confirm actual displacement, bore/stroke, starter, mounting, clutch and electrical interfaces.","Packaging and distributor batch requirements discussed at landing-page level","ru landing=154FMI 125cc; lower starter; manual clutch; 4 gears","","SUPPORTED","PENDING_REVIEW","PUBLIC","https://chixiangmotor.com/ru/gorizontalnyj-dvigatel | repo:ru/gorizontalnyj-dvigatel.html","只有俄罗斯落地页营销规格，缺少工厂规格表；不能根据154FMI代码反推排量。","https://chixiangmotor.com/ru/gorizontalnyj-dvigatel | https://chixiangmotor.com/en/horizontal-engine","Factory Technical Management","","","2026-07-29",""
"model-1p56fmj","MODEL","Horizontal air-cooled","1P56FMJ","1P56FMJ horizontal engine","","Horizontal air-cooled","140","","","","Air-cooled","Kick or electric start","Manual or semi-automatic","4 gears","Not established","","Pit bikes | mini-enduro | ATV subject to fit confirmation","Confirm actual displacement, bore/stroke, starter, clutch, mounting and electrical interfaces; named platforms are orientation only.","Packaging and distributor batch requirements discussed at landing-page level","ru landing=1P56FMJ 140cc; kick/electric start; manual or semi-automatic clutch; 4 gears","","SUPPORTED","PENDING_REVIEW","PUBLIC","https://chixiangmotor.com/ru/gorizontalnyj-dvigatel | repo:ru/gorizontalnyj-dvigatel.html","只有俄罗斯落地页营销规格，缺少工厂规格表和实际排量。","https://chixiangmotor.com/ru/gorizontalnyj-dvigatel | https://chixiangmotor.com/en/horizontal-engine","Factory Technical Management","","","2026-07-29","不把YX140当作批准别名；页面只把它作为应用示例。"
"intake-cg-balance-shaft","FAMILY_INTAKE","CG balance-shaft","","CG Balance Shaft Series","CG balancer","Single-cylinder, 4-stroke, natural air-cooled, vertical, balance shaft","","","","","Air-cooled","Electric / foot start","Manual wet multi-plate","","Not established","","Motorcycles | work motorcycles; exact variants not approved","Collect sellable model/configuration IDs before publishing family specifications.","Not established","en/cg-engine hidden table repeats CG125/CX156FMI, CG150/CX162FMJ, CG175/CX162FMK, CG200/CX163FML and CG250/CX167FMM with balance-shaft type; dimensions differ from standard air-cooled table","","SUPPORTED","PENDING_REVIEW","PUBLIC","https://chixiangmotor.com/en/cg-engine | repo:en/cg-engine.html","家族表复用了标准CG型号和多数参数，但没有独立可销售配置ID、图片映射或差异说明。","https://chixiangmotor.com/en/cg-engine | https://chixiangmotor.com/en/products","Factory Technical Management","","","2026-07-29","FAMILY_INTAKE不能作为型号规格公开。"
"intake-tsunami-water","FAMILY_INTAKE","Tsunami water-cooled","","Tsunami Series Water-Cooled Engine","Tsunami dual-cooling | 海啸系列","Website family wording: water + air dual cooling","","","","","Water-cooled / air-assisted wording on utility page","","","5-speed family claim","Not established at model level","","Commercial motorcycles | cargo tricycles | sustained-load use; exact fit not verified","Collect approved model codes, cooling architecture, bore/stroke, reverse and configuration differences.","Not established","en/products=Tsunami 200–250cc dual cooling, high torque, 5-speed | noindex product-detail=CG200SB and CG250SB Tsunami; water + air dual cooling","","SUPPORTED","PENDING_REVIEW","PUBLIC","https://chixiangmotor.com/en/products | https://chixiangmotor.com/en/product-detail?series=tsunami | repo:en/products.html | repo:en/product-detail.html","家族只有目录和noindex工具内容；与标准CG200SB/CG250SB的关系未确认。","https://chixiangmotor.com/en/products | https://chixiangmotor.com/en/cg-engine","Factory Technical Management","","","2026-07-29","FAMILY_INTAKE不能作为型号规格公开。"
"intake-hanwei-hw-water","FAMILY_INTAKE","Hanwei / HW heavy-duty water-cooled","","Hanwei Series Water-Cooled Engine","HW Water | CG Heavy | Hanwei | 捍威系列","Website family wording: heavy-duty water-cooled / dual-cooled","","","","","Water-cooled","","20-roller clutch family claim","All gears; exact pattern not stated","Conflicting family claims: built-in reverse | no built-in reverse | according to model","","Cargo tricycles | high-load continuous operation; exact fit not verified","Collect approved HW200/HW250/HW300/HW350 model codes, specifications and configuration-level reverse data.","Not established","en/products=Hanwei 200/250/300/350cc; 20-roller clutch; 18-pole magneto; 1.5L oil; all gears plus built-in reverse | latam HW=HW200/HW250/HW300/HW350; reverse according to model | central-asia CG Heavy=200–350cc; no built-in reverse","","CONFLICTING","PENDING_REVIEW","PUBLIC | INTERNAL_REFERENCE","https://chixiangmotor.com/en/products | https://chixiangmotor.com/es/peru/ | https://chixiangmotor.com/ru/central-asia/ | repo:en/products.html | repo:js/latam-cg-products.js | repo:js/central-asia-data.js","Hanwei、HW Water和CG Heavy是否同一家族未确认；内置倒挡说法直接冲突。","https://chixiangmotor.com/en/products | https://chixiangmotor.com/es/peru/ | https://chixiangmotor.com/ru/central-asia/","Factory Technical Management","","","2026-07-29","FAMILY_INTAKE不能作为型号规格公开。"
"intake-automatic-clutch-water","FAMILY_INTAKE","Automatic-clutch water-cooled","","Tsunami Automatic Clutch Engine Series","automatic centrifugal clutch | 海啸自动离合","Website family wording: CG150/CG175 water-cooled automatic-clutch configuration","","","","","Water-cooled","Electric start","Automatic centrifugal clutch","5-speed constant mesh","Not established","","Commercial motorcycles | cargo tricycles | utility vehicles; exact fit not verified","Collect approved model codes, actual displacement, mounting, reverse and configuration differences.","Not established","en/products=CG150/CG175 water-cooled automatic clutch; electric start; automatic centrifugal clutch; 5-speed | noindex product-detail=same family with enlarged oil capacity and cooling claims","","SUPPORTED","PENDING_REVIEW","PUBLIC","https://chixiangmotor.com/en/products | https://chixiangmotor.com/en/product-detail?series=auto-clutch | repo:en/products.html | repo:en/product-detail.html","目录使用CG150/CG175营销名但未提供批准型号代码、排量和配置表。","https://chixiangmotor.com/en/products | https://chixiangmotor.com/en/cg-engine","Factory Technical Management","","","2026-07-29","FAMILY_INTAKE不能作为型号规格公开。"
